,trloss_time0,trloss_time1,trloss_time2,trloss_time3,trloss_time4,valloss_time0,valloss_time1,valloss_time2,valloss_time3,valloss_time4,trerror_time0,trerror_time1,trerror_time2,trerror_time3,trerror_time4,valerror_time0,valerror_time1,valerror_time2,valerror_time3,valerror_time4,lr001_loss,lr001_accuracy,lr001_val_loss,lr001_val_accuracy,lr02_loss,lr02_accuracy,lr02_val_loss,lr02_val_accuracy,mmt05_loss,mmt05_accuracy,mmt05_val_loss,mmt05_val_accuracy,mmt09_loss,mmt09_accuracy,mmt09_val_loss,mmt09_val_accuracy
0,2.555857419967652,2.5453052520751958,2.552760124206543,2.5389959812164307,2.544383764266968,2.6027746200561523,2.698225498199463,2.730081558227539,2.6718287467956543,2.502983570098877,0.85105000436306,0.8392000049352646,0.8404500037431717,0.8437000066041946,0.8411500006914139,0.8379999995231628,0.8416000008583069,0.8568000048398972,0.8437999933958054,0.8222000002861023,2.8268346786499023,0.09359999746084213,2.7892682552337646,0.09080000221729279,7.283734321594238,0.07814999669790268,12.058249473571777,0.06859999895095825,2.3992934226989746,0.20045000314712524,2.197760820388794,0.28700000047683716,23.882471084594727,0.07365000247955322,40.789710998535156,0.08860000222921371
1,1.97179651260376,1.9800288677215576,1.9712960720062256,1.95618999004364,2.0002248287200928,1.9545910358428955,1.9066743850708008,1.904660701751709,2.0066754817962646,2.203995704650879,0.6324500143527985,0.637800008058548,0.6360999941825867,0.6365000009536743,0.6525999903678894,0.6387999951839447,0.6319999992847443,0.632999986410141,0.6924000084400177,0.7208000123500824,2.7509586811065674,0.10260000079870224,2.736966609954834,0.0989999994635582,8.998507499694824,0.07895000278949738,9.911932945251465,0.04919999837875366,1.4265393018722534,0.5710999965667725,1.4214973449707031,0.545799970626831,39.382057189941406,0.06525000184774399,53.81962585449219,0.08799999952316284
2,1.415026068687439,1.4231460094451904,1.429074764251709,1.3932955265045166,1.4569518566131592,1.699342966079712,1.4041212797164917,1.3818696737289429,1.530665159225464,1.485824465751648,0.4146000146865845,0.419950008392334,0.42330002784729,0.4081000089645386,0.4259999990463257,0.5604000091552734,0.4477999806404114,0.4506000280380249,0.5085999965667725,0.48580002784729,2.670675277709961,0.12129999697208405,2.6398394107818604,0.12939999997615814,8.671422958374023,0.07720000296831131,9.107970237731934,0.02979999966919422,0.8205927014350891,0.7728999853134155,1.2144343852996826,0.6226000189781189,42.414833068847656,0.06509999930858612,46.97882843017578,0.07959999889135361
3,1.0417585372924805,1.0560575723648071,1.0475914478302002,1.0185009241104126,1.065792441368103,1.0687469244003296,1.049083590507507,1.1811882257461548,1.490216612815857,1.2964234352111816,0.2886999845504761,0.2929499745368957,0.2897499799728393,0.2742000222206116,0.2922499775886535,0.3116000294685364,0.2979999780654907,0.3751999735832214,0.4671999812126159,0.4175999760627746,2.5644736289978027,0.1513500064611435,2.5444459915161133,0.1573999971151352,8.327341079711914,0.07244999706745148,8.185652732849121,0.052400000393390656,0.5130415558815002,0.8643500208854675,0.8690271377563477,0.7347999811172485,41.02913284301758,0.06719999760389328,30.086658477783203,0.03920000046491623
4,0.768230140209198,0.7882295250892639,0.7894911766052246,0.7881367802619934,0.8108791708946228,1.210160732269287,0.777147114276886,0.9811828136444092,0.9731842875480652,0.9406822323799132,0.2017499804496765,0.2057499885559082,0.2117999792098999,0.2080500125885009,0.2124000191688537,0.3568000197410583,0.2117999792098999,0.2893999814987182,0.2843999862670898,0.2692000269889831,2.47169828414917,0.17730000615119934,2.4716615676879883,0.17659999430179596,8.2713041305542,0.0783500000834465,8.763912200927734,0.08460000157356262,0.37828612327575684,0.9003000259399414,0.5080899596214294,0.8565999865531921,37.34531784057617,0.06539999693632126,29.295127868652344,0.07959999889135361
5,0.593117892742157,0.6105853915214539,0.6131743788719177,0.5912290811538696,0.6300975680351257,0.7695741057395935,0.7280923128128052,0.9455512762069702,0.6944215297698975,0.702338695526123,0.149150013923645,0.1552500128746032,0.1577500104904174,0.1492499709129333,0.162850022315979,0.2265999913215637,0.2074000239372253,0.2829999923706054,0.1800000071525573,0.1967999935150146,2.396254777908325,0.19734999537467957,2.392406940460205,0.20080000162124634,7.85352897644043,0.07959999889135361,10.986154556274414,0.06780000030994415,0.24266240000724792,0.9392499923706055,0.45441263914108276,0.8650000095367432,38.43404006958008,0.0653500035405159,35.02153396606445,0.04919999837875366
6,0.455814927816391,0.4826136827468872,0.4835100173950195,0.4670485258102417,0.4871470630168915,0.6042578816413879,0.6083276867866516,0.5759841799736023,0.6162682771682739,0.6342090964317322,0.1122000217437744,0.1229500174522399,0.1216999888420105,0.1168500185012817,0.1216499805450439,0.1736000180244445,0.1758000254631042,0.1600000262260437,0.175599992275238,0.1743999719619751,2.3272652626037598,0.22200000286102295,2.330787181854248,0.21819999814033508,9.067268371582031,0.07569999992847443,6.482468128204346,0.08799999952316284,0.1812763512134552,0.9574499726295471,0.48592114448547363,0.8629999756813049,39.79080581665039,0.06809999793767929,53.47830581665039,0.06859999895095825
7,0.3675674796104431,0.3869078457355499,0.3798486590385437,0.3935233056545257,0.4033488929271698,0.6134506464004517,0.8098175525665283,0.5523393154144287,0.5167772173881531,0.6548624038696289,0.0896000266075134,0.0970500111579895,0.0946999788284301,0.0969499945640564,0.1000499725341796,0.1733999848365783,0.2347999811172485,0.15420001745224,0.1457999944686889,0.1796000003814697,2.25915789604187,0.2485000044107437,2.2621257305145264,0.24779999256134033,8.23672103881836,0.07684999704360962,8.495682716369629,0.08460000157356262,0.13948118686676025,0.9684500098228455,0.4022037982940674,0.8870000243186951,40.894126892089844,0.06584999710321426,31.409212112426758,0.0681999996304512
8,0.2965905368328094,0.3444613218307495,0.3143458068370819,0.3117479681968689,0.3140853345394134,0.5307307243347168,0.5656484961509705,0.4842577576637268,0.4704381227493286,0.4278900027275085,0.0706499814987182,0.0875999927520752,0.0752500295639038,0.074999988079071,0.0730999708175659,0.1506000161170959,0.1575999855995178,0.1341999769210815,0.1273999810218811,0.1147999763488769,2.1884779930114746,0.27720001339912415,2.1953585147857666,0.2720000147819519,8.380534172058105,0.07320000231266022,11.60622787475586,0.07959999889135361,0.10798421502113342,0.9773499965667725,0.2829168438911438,0.9210000038146973,43.609718322753906,0.06710000336170197,38.785884857177734,0.041600000113248825
9,0.248289942741394,0.2586334645748138,0.261204332113266,0.2637762725353241,0.2610244750976562,0.4135745465755462,0.3908929228782654,0.5833902359008789,0.5449560284614563,0.4200241267681122,0.0586500167846679,0.0620499849319458,0.0615000128746032,0.0613499879837036,0.0613499879837036,0.1195999979972839,0.1064000129699707,0.170799970626831,0.1517999768257141,0.1173999905586242,2.114032506942749,0.3169499933719635,2.1192526817321777,0.311599999666214,8.266313552856445,0.07670000195503235,9.267739295959473,0.07959999889135361,0.08167008310556412,0.9854999780654907,0.3027874231338501,0.9132000207901001,44.05406951904297,0.06655000150203705,38.45356750488281,0.031599998474121094
10,0.2121666967868805,0.2199611067771911,0.2305844724178314,0.2292086482048034,0.224731758236885,0.5055238008499146,0.3590356409549713,0.3902311623096466,0.4303938448429107,0.3721144199371338,0.0508000254631042,0.0505499839782714,0.0540000200271606,0.0530999898910522,0.0520499944686889,0.15420001745224,0.1014000177383422,0.1033999919891357,0.1179999709129333,0.1050000190734863,2.0364670753479004,0.3562999963760376,2.0481960773468018,0.35359999537467957,7.884240627288818,0.07495000213384628,7.385151386260986,0.08460000157356262,0.06551425904035568,0.9898999929428101,0.279692679643631,0.9222000241279602,43.56010437011719,0.06655000150203705,55.7797737121582,0.04919999837875366
11,0.1812461614608764,0.187578335404396,0.1884948015213012,0.19524946808815,0.1851739138364792,0.3630698621273041,0.3177418112754822,0.3246820271015167,0.4162097573280334,0.3494487702846527,0.0408999919891357,0.0411499738693237,0.0414999723434448,0.043749988079071,0.0411000251770019,0.0965999960899353,0.0871999859809875,0.0903999805450439,0.1141999959945678,0.0971999764442443,1.9565269947052002,0.39434999227523804,1.975914478302002,0.37700000405311584,7.728820323944092,0.07590000331401825,13.217107772827148,0.08460000157356262,0.05313865467905998,0.992900013923645,0.21010909974575043,0.9416000247001648,48.97533416748047,0.06724999845027924,48.0323486328125,0.009399999864399433
12,0.1501393467187881,0.1564937233924865,0.1681023687124252,0.1700295954942703,0.1584111005067825,0.2987050116062164,0.327871024608612,0.3124332129955292,0.3094760179519653,0.3253021836280823,0.0314999818801879,0.0321000218391418,0.0374500155448913,0.0358999967575073,0.0331000089645385,0.0825999975204467,0.0889999866485595,0.0879999995231628,0.0860000252723693,0.0960000157356262,1.879510521888733,0.43130001425743103,1.893872618675232,0.420199990272522,8.047284126281738,0.07739999890327454,12.83946704864502,0.09359999746084213,0.039064567536115646,0.9971500039100647,0.20171475410461426,0.9444000124931335,41.905006408691406,0.06620000302791595,53.598567962646484,0.041600000113248825
13,0.1293601244688034,0.1372165232896804,0.1422188282012939,0.1416670978069305,0.1357250660657882,0.289424180984497,0.3574241995811462,0.5441058278083801,0.3713436722755432,0.2969695031642914,0.0245500206947326,0.0265499949455261,0.0299000144004821,0.0281000137329101,0.026199996471405,0.0789999961853027,0.1068000197410583,0.1583999991416931,0.1051999926567077,0.0843999981880188,1.8020373582839966,0.46345001459121704,1.8246066570281982,0.44339999556541443,8.10049057006836,0.0767500028014183,8.159881591796875,0.03920000046491623,0.03229974955320358,0.9980000257492065,0.19282566010951996,0.9459999799728394,43.159297943115234,0.06674999743700027,46.19378662109375,0.08799999952316284
14,0.1127054542303085,0.1207881346344947,0.1271935701370239,0.1254822164773941,0.1195360720157623,0.2811868786811828,0.3244592845439911,0.3170338571071625,0.3195440471172333,0.293063759803772,0.0209500193595886,0.0217499732971191,0.0242499709129333,0.0239999890327453,0.0220999717712402,0.078599989414215,0.0910000205039978,0.0863999724388122,0.0861999988555908,0.0824000239372253,1.727704644203186,0.49665001034736633,1.7673190832138062,0.46880000829696655,8.449183464050293,0.07625000178813934,7.075048446655273,0.041600000113248825,0.02784600295126438,0.9990500211715698,0.1893697828054428,0.9472000002861023,38.19717025756836,0.07084999978542328,48.195838928222656,0.041600000113248825
15,0.0977987349033355,0.1059552356600761,0.1058080047369003,0.1110924035310745,0.1047092154622078,0.2708393037319183,0.2640542685985565,0.2771452367305755,0.2966861724853515,0.2997000217437744,0.0163999795913696,0.01910001039505,0.0179499983787536,0.0195500254631042,0.0169500112533569,0.0763999819755554,0.0753999948501586,0.0766000151634216,0.0830000042915344,0.085200011730194,1.6564183235168457,0.5253499746322632,1.6900050640106201,0.5052000284194946,7.470423221588135,0.07625000178813934,10.400980949401855,0.041600000113248825,0.023336539044976234,0.9993500113487244,0.1906900852918625,0.9476000070571899,40.96089553833008,0.06539999693632126,36.80210494995117,0.06859999895095825
16,0.0875421538949012,0.0909480825066566,0.0922992229461669,0.0979212298989296,0.0920798853039741,0.2725844085216522,0.255261480808258,0.2831457555294037,0.2665779590606689,0.262060284614563,0.0135499835014343,0.0135499835014343,0.0150499939918518,0.0163999795913696,0.014549970626831,0.0752000212669372,0.0722000002861023,0.0809999704360961,0.0752000212669372,0.0740000009536743,1.5874804258346558,0.5514000058174133,1.623606562614441,0.5275999903678894,9.094722747802734,0.07320000231266022,10.9949369430542,0.06859999895095825,0.020364776253700256,0.999750018119812,0.185302272439003,0.9488000273704529,39.33803939819336,0.06835000216960907,34.44746780395508,0.08860000222921371
17,0.0781456753611564,0.0797185376286506,0.083325482904911,0.0837003663182258,0.0803150534629821,0.377318412065506,0.2444435805082321,0.2767262756824493,0.5752171277999878,0.272555947303772,0.0115000009536743,0.0116500258445739,0.0120999813079833,0.0121999979019165,0.0117999911308288,0.1086000204086303,0.0691999793052673,0.0709999799728393,0.1765999794006347,0.0820000171661377,1.5223668813705444,0.578249990940094,1.565674066543579,0.551800012588501,8.230635643005371,0.07639999687671661,8.119850158691406,0.08860000222921371,0.01793590933084488,0.9998499751091003,0.21803554892539978,0.9399999976158142,39.46296310424805,0.06639999896287918,43.925071716308594,0.08860000222921371
18,0.0706053674221038,0.0700519829988479,0.0814497619867324,0.0904280319809913,0.0719893723726272,0.4075813889503479,0.2452220916748047,0.3057324588298797,0.2984471321105957,0.2491145730018615,0.0099999904632568,0.0083500146865844,0.0128999948501586,0.0138999819755554,0.0085499882698059,0.1173999905586242,0.0717999935150146,0.0916000008583068,0.0803999900817871,0.0741999745368957,1.460449457168579,0.5978500247001648,1.5175102949142456,0.5648000240325928,7.558893203735352,0.07715000212192535,8.450780868530273,0.06780000030994415,0.016686413437128067,0.9998999834060669,0.1796141266822815,0.9495999813079834,42.266056060791016,0.061500001698732376,50.37493133544922,0.08860000222921371
19,0.0692409053444862,0.0618713945150375,0.0668301358819007,0.067781277000904,0.0629502236843109,0.3044146597385406,0.2326160371303558,0.2407867014408111,0.289305716753006,0.2654896676540375,0.0098500251770019,0.0060499906539916,0.0078999996185302,0.0074999928474426,0.0070499777793884,0.0871999859809875,0.0667999982833862,0.0699999928474426,0.083400011062622,0.073199987411499,1.400367259979248,0.620199978351593,1.466476321220398,0.5889999866485596,8.63781452178955,0.07519999891519547,10.350507736206055,0.052400000393390656,0.014433289878070354,0.9999499917030334,0.19844096899032593,0.9444000124931335,39.7423210144043,0.06419999897480011,23.81108856201172,0.0681999996304512
20,0.0538590215146541,0.0547242872416973,0.0580229721963405,0.0597977042198181,0.0557112656533718,0.2734267711639404,0.2653640210628509,0.2535521388053894,0.2472468465566635,0.3189344108104706,0.0052000284194946,0.0047000050544738,0.0066499710083007,0.0058000087738037,0.0052000284194946,0.0752000212669372,0.0744000077247619,0.0698000192642211,0.0720000267028808,0.0970000028610229,1.342899203300476,0.6410499811172485,1.4199110269546509,0.6046000123023987,9.984057426452637,0.0738999992609024,10.181427001953125,0.052400000393390656,0.013458930887281895,0.9999499917030334,0.1767907738685608,0.949999988079071,43.18562698364258,0.06599999964237213,30.408096313476562,0.08460000157356262
21,0.0496879741549491,0.0494855679571628,0.0521237850189209,0.0531351305544376,0.0541642270982265,0.3602195680141449,0.2540132701396942,0.2450797855854034,0.2431160360574722,0.2351406514644622,0.0045999884605407,0.0033000111579895,0.005150020122528,0.0044000148773193,0.0053499937057495,0.109000027179718,0.0723999738693237,0.0677999854087829,0.0698000192642211,0.0687999725341796,1.2881072759628296,0.6588500142097473,1.3665989637374878,0.6240000128746033,8.485505104064941,0.07450000196695328,15.46605110168457,0.04919999837875366,0.012108848430216312,1.0,0.19103777408599854,0.9459999799728394,44.8948860168457,0.06480000168085098,34.044097900390625,0.04919999837875366
22,0.0454983934760093,0.0466133132576942,0.0468296706676483,0.0482163801789283,0.0448033325374126,0.2435699254274368,0.2213718295097351,0.2273637652397155,0.2580454051494598,0.2357447445392608,0.0031999945640563,0.0032500028610229,0.0040000081062316,0.0034000277519226,0.0026000142097473,0.0698000192642211,0.0641999840736389,0.0633999705314636,0.0758000016212463,0.0673999786376953,1.2355759143829346,0.6775500178337097,1.3034601211547852,0.6481999754905701,8.184493064880371,0.07429999858140945,10.859580039978027,0.09359999746084213,0.011340700089931488,1.0,0.17324043810367584,0.9508000016212463,35.98129653930664,0.066600002348423,34.51152038574219,0.08460000157356262
23,0.0394133925437927,0.0401888117194175,0.0420286394655704,0.0443078279495239,0.0409828089177608,0.2490470260381698,0.2176623791456222,0.3022841215133667,0.2620016932487488,0.3468339145183563,0.0019500255584716,0.0019500255584716,0.0031999945640563,0.0026500225067138,0.0023000240325927,0.0730000138282775,0.0622000098228454,0.0835999846458435,0.0762000083923339,0.1029999852180481,1.184739589691162,0.6959999799728394,1.2679615020751953,0.6517999768257141,8.02234172821045,0.07885000109672546,9.314623832702637,0.0681999996304512,0.010185448452830315,1.0,0.1820565015077591,0.9503999948501587,41.43343734741211,0.06620000302791595,31.77764129638672,0.07959999889135361
24,0.0369034968316555,0.0367373079061508,0.0396147444844245,0.0403222516179084,0.0596012026071548,0.2078061997890472,0.2226788997650146,0.2282673120498657,0.2391846925020218,0.257104218006134,0.0020999908447265,0.001800000667572,0.0025500059127807,0.0019999742507934,0.0081499814987182,0.0600000023841857,0.0662000179290771,0.0666000247001648,0.0705999732017517,0.0734000205993652,1.1376298666000366,0.7074499726295471,1.1990725994110107,0.6814000010490417,7.97301721572876,0.07739999890327454,8.319793701171875,0.041600000113248825,0.009621208533644676,1.0,0.17077679932117462,0.9531999826431274,40.65245819091797,0.06334999948740005,44.95710754394531,0.052400000393390656
25,0.0327249392867088,0.0336035713553428,0.0352930724620819,0.0363922715187072,0.0347738862037658,0.2069819569587707,0.2171119451522827,0.2195155322551727,0.2430301010608673,0.2259420603513717,0.0013499855995178,0.0012000203132629,0.0016000270843505,0.0013499855995178,0.0013999938964843,0.0598000288009643,0.0627999901771545,0.0591999888420105,0.0685999989509582,0.0666000247001648,1.091552972793579,0.7255499958992004,1.1551119089126587,0.6952000260353088,8.196859359741211,0.07329999655485153,11.75125503540039,0.07959999889135361,0.008846903219819069,1.0,0.17003554105758667,0.9535999894142151,43.98054122924805,0.06424999982118607,42.343727111816406,0.03920000046491623
26,0.0299980994313955,0.0308044608682394,0.0324930809438228,0.0335954241454601,0.0314417406916618,0.2108192443847656,0.2233219444751739,0.2409258782863617,0.2448741644620895,0.2194378972053527,0.0009999871253967,0.0008999705314636,0.0016000270843505,0.0012000203132629,0.0012000203132629,0.0595999956130981,0.0618000030517578,0.0699999928474426,0.0684000253677368,0.0626000165939331,1.0463711023330688,0.739300012588501,1.1190910339355469,0.7039999961853027,8.301812171936035,0.07509999722242355,9.804884910583496,0.04919999837875366,0.008312935940921307,1.0,0.17030926048755646,0.9534000158309937,38.18582534790039,0.06719999760389328,44.028587341308594,0.03920000046491623
27,0.0277629885822534,0.0284020956605672,0.5253024697303772,0.0311036612838506,0.028749331831932,0.2039624005556106,0.217345044016838,0.3469581305980682,0.226562887430191,0.2187276929616928,0.0006499886512756,0.0005000233650207,0.1371999979019165,0.0006999969482421,0.0006499886512756,0.0600000023841857,0.0631999969482421,0.1033999919891357,0.0655999779701232,0.0613999962806701,1.0053942203521729,0.7507500052452087,1.08999502658844,0.7121999859809875,7.2723259925842285,0.07604999840259552,8.899911880493164,0.031599998474121094,0.007822081446647644,1.0,0.16849210858345032,0.9524000287055969,41.67749786376953,0.06494999676942825,47.7327766418457,0.08799999952316284
28,0.0257142148911952,0.0259990990161895,0.0904978364706039,0.0284190829843282,0.0265400055795907,0.1999760866165161,0.2082633823156356,0.2733620703220367,0.2363068908452987,0.2147577106952667,0.0004500150680541,0.0004500150680541,0.0170000195503234,0.0005000233650207,0.0005000233650207,0.0558000206947326,0.0577999949455261,0.0788000226020813,0.0649999976158142,0.0616000294685363,0.9638612270355225,0.7633500099182129,1.0310949087142944,0.7350000143051147,8.320619583129883,0.07890000194311142,9.68001651763916,0.04919999837875366,0.007409637328237295,1.0,0.16771504282951355,0.9534000158309937,43.75706481933594,0.06504999846220016,47.166542053222656,0.04919999837875366
29,0.0241170823574066,0.0244070775806903,0.0564132891595363,0.0266286954283714,0.0246910229325294,0.2091360092163086,0.202178493142128,0.320154458284378,0.2280169874429702,0.2111478000879287,0.0006499886512756,0.0004000067710876,0.0058500170707702,0.0004000067710876,0.0004000067710876,0.0601999759674072,0.0573999881744384,0.0920000076293945,0.0680000185966491,0.0598000288009643,0.9261638522148132,0.7748000025749207,1.0015069246292114,0.7414000034332275,8.583842277526855,0.07554999738931656,7.017821311950684,0.08860000222921371,0.007007350213825703,1.0,0.16867031157016754,0.954200029373169,44.960487365722656,0.06894999742507935,31.642412185668945,0.026399999856948853
30,0.0226932559162378,0.0227317847311496,0.0442339479923248,0.0247362311929464,0.0231024511158466,0.2029607594013214,0.2073369622230529,0.3849669396877289,0.228065937757492,0.2124408483505249,0.000349998474121,0.0005000233650207,0.0032500028610229,0.0002499818801879,0.0001999735832214,0.0558000206947326,0.059000015258789,0.1100000143051147,0.0649999976158142,0.0600000023841857,0.8870280981063843,0.7857999801635742,0.9570329785346985,0.7585999965667725,7.918124198913574,0.07840000092983246,10.797138214111328,0.08860000222921371,0.006686922628432512,1.0,0.16841258108615875,0.953000009059906,41.05223083496094,0.06515000015497208,33.163291931152344,0.009800000116229057
31,0.0210889168083667,0.021494947373867,0.0384021140635013,0.023179093375802,0.021660478785634,0.2112936973571777,0.2024053931236267,0.2387491762638092,0.2203457206487655,0.2103655487298965,0.0002499818801879,0.0002499818801879,0.00204998254776,0.000349998474121,0.0001999735832214,0.060800015926361,0.0594000220298767,0.0666000247001648,0.0636000037193298,0.0604000091552734,0.85223388671875,0.7958999872207642,0.9279685616493225,0.7717999815940857,7.955664157867432,0.07940000295639038,9.746238708496094,0.08799999952316284,0.006338328588753939,1.0,0.16576585173606873,0.9545999765396118,46.595767974853516,0.0637499988079071,49.369468688964844,0.08860000222921371
32,0.020109275355935,0.0200548581779003,0.0304383169859647,0.0216806326061487,0.0203472170978784,0.2084044218063354,0.2055592536926269,0.2267173826694488,0.2241652905941009,0.2082093805074691,0.0002499818801879,0.0001999735832214,0.0009499788284301,0.0001500248908996,0.0001999735832214,0.0600000023841857,0.0559999942779541,0.0663999915122985,0.0655999779701232,0.060800015926361,0.818277895450592,0.8054999709129333,0.9637775421142578,0.7552000284194946,8.407217025756836,0.0783500000834465,6.3816657066345215,0.0681999996304512,0.00605047820135951,1.0,0.16795900464057922,0.9534000158309937,38.98801803588867,0.0674000009894371,33.753440856933594,0.08860000222921371
33,0.0187809448689222,0.0190253648906946,0.0267138760536909,0.0204405523836612,0.0192167721688747,0.1982861757278442,0.2009619623422622,0.2249464392662048,0.2158004939556121,0.2078888416290283,0.0001000165939331,5.0008296966552734e-05,0.0004000067710876,0.0001500248908996,0.0001999735832214,0.0547999739646911,0.0583999752998352,0.0648000240325927,0.0616000294685363,0.0601999759674072,0.7862857580184937,0.81454998254776,0.8797132968902588,0.7778000235557556,7.598235130310059,0.07699999958276749,11.504988670349121,0.07959999889135361,0.005784081295132637,1.0,0.16566945612430573,0.9549999833106995,36.994815826416016,0.06669999659061432,48.40547561645508,0.02979999966919422
34,0.0175755377858877,0.0176811348646879,0.0241264086216688,0.0192580427974462,0.018179215490818,0.2003701478242874,0.2001984566450119,0.2260582447052002,0.2143521010875702,0.2088351547718048,0.0001000165939331,0.0001000165939331,0.0002999901771545,0.0001500248908996,0.0001000165939331,0.0576000213623046,0.0558000206947326,0.0637999773025512,0.0623999834060668,0.0587999820709228,0.7526856660842896,0.8250499963760376,0.8808202147483826,0.7712000012397766,8.824707984924316,0.07615000009536743,6.461193561553955,0.06780000030994415,0.005506228655576706,1.0,0.16678714752197266,0.9539999961853027,39.304996490478516,0.06759999692440033,40.724334716796875,0.08799999952316284
35,0.0166303515434265,0.0169070456176996,0.0221418105065822,0.0182772651314735,0.0172712057828903,0.1949076354503631,0.1972695440053939,0.2230357974767685,0.2209416925907135,0.2106060981750488,5.0008296966552734e-05,0.0,0.0002499818801879,0.0001000165939331,0.0001000165939331,0.054199993610382,0.0565999746322631,0.0649999976158142,0.0637999773025512,0.0613999962806701,0.7278751730918884,0.8304499983787537,0.8549558520317078,0.7843999862670898,7.968297481536865,0.07779999822378159,9.85979175567627,0.026399999856948853,0.005291854031383991,1.0,0.16442479193210602,0.9549999833106995,43.163841247558594,0.06469999998807907,49.3397331237793,0.08799999952316284
36,0.0158879440277814,0.0160705652087926,0.0203602705150842,0.0174225829541683,0.0164568200707435,0.2070213407278061,0.1995254307985305,0.2195518314838409,0.2147345244884491,0.2080797106027603,0.0001000165939331,5.0008296966552734e-05,0.0001500248908996,0.0001000165939331,0.0001000165939331,0.059000015258789,0.0569999814033508,0.0644000172615051,0.0619999766349792,0.0591999888420105,0.6962092518806458,0.8409500122070312,0.8007786870002747,0.801800012588501,7.722816467285156,0.07800000160932541,8.467602729797363,0.09359999746084213,0.005072096828371286,1.0,0.16824182868003845,0.954200029373169,39.95277404785156,0.0702499970793724,34.87981414794922,0.052400000393390656
37,0.0152555666863918,0.0152272060513496,0.0189576484262943,0.0165708363056182,0.0156062869355082,0.1949804127216339,0.1965012550354004,0.2167681455612182,0.2152849584817886,0.2034260481595993,5.0008296966552734e-05,0.0,0.0001000165939331,0.0,0.0001500248908996,0.0551999807357788,0.0551999807357788,0.0619999766349792,0.0612000226974487,0.0587999820709228,0.6670008897781372,0.8463000059127808,0.7531580924987793,0.8202000260353088,7.807810306549072,0.07750000059604645,9.366655349731445,0.06859999895095825,0.004897609353065491,1.0,0.16501553356647491,0.9544000029563904,45.64296340942383,0.06435000151395798,45.327484130859375,0.04919999837875366
38,0.0144190937280654,0.0145776737481355,0.0177066233009099,0.0158259272575378,0.0148611515760421,0.2022877186536789,0.1947580128908157,0.213692769408226,0.2142870128154754,0.2054197788238525,5.0008296966552734e-05,5.0008296966552734e-05,0.0001000165939331,0.0,0.0,0.0555999875068664,0.0573999881744384,0.0618000030517578,0.0623999834060668,0.0586000084877014,0.6449702382087708,0.8510000109672546,0.7254601716995239,0.8263999819755554,7.854074001312256,0.07779999822378159,9.34013557434082,0.052400000393390656,0.004692640621215105,1.0,0.16530852019786835,0.9539999961853027,44.18503952026367,0.066600002348423,58.04056930541992,0.041600000113248825
39,0.0138105908408761,0.0138990962877869,0.0165175665169954,0.0150540983304381,0.0142196826636791,0.1904811114072799,0.1959476321935653,0.2139483094215393,0.2119894027709961,0.2006842643022537,5.0008296966552734e-05,0.0,5.0008296966552734e-05,0.0,5.0008296966552734e-05,0.0540000200271606,0.0573999881744384,0.0609999895095825,0.0604000091552734,0.0564000010490417,0.6211641430854797,0.8583499789237976,0.7382906675338745,0.8217999935150146,7.947880268096924,0.07890000194311142,9.80930233001709,0.031599998474121094,0.0045363809913396835,1.0,0.16391237080097198,0.9549999833106995,44.99575424194336,0.06395000219345093,35.96230697631836,0.03920000046491623
40,0.0132068926468491,0.0132046015933156,0.0156227052211761,0.0143541181460022,0.0135570466518402,0.1907790154218673,0.1935737133026123,0.2180659174919128,0.2121913284063339,0.2031360864639282,0.0,0.0,0.0,0.0,5.0008296966552734e-05,0.0540000200271606,0.0562000274658203,0.0609999895095825,0.0618000030517578,0.0565999746322631,0.5988030433654785,0.8623499870300293,0.8286644816398621,0.7911999821662903,7.546347618103027,0.07744999974966049,9.130614280700684,0.08860000222921371,0.004385977052152157,1.0,0.1628037542104721,0.954800009727478,38.7551383972168,0.07045000046491623,37.229774475097656,0.03920000046491623
41,0.0126181179657578,0.0127305155619978,0.0147749446332454,0.013758729211986,0.0130150252953171,0.1933877170085907,0.1918239444494247,0.2104740440845489,0.2205128669738769,0.2007590234279632,0.0,0.0,0.0,0.0,5.0008296966552734e-05,0.0564000010490417,0.0550000071525573,0.0623999834060668,0.0619999766349792,0.0577999949455261,0.573738157749176,0.871399998664856,0.7035370469093323,0.8223999738693237,8.131876945495605,0.07689999788999557,12.90810775756836,0.07959999889135361,0.004210596904158592,1.0,0.1635560244321823,0.954800009727478,44.90443801879883,0.0677499994635582,38.34939193725586,0.08860000222921371
42,0.0120813539251685,0.0121839419007301,0.0140144610777497,0.0132378386333584,0.0124723240733146,0.1901219189167022,0.1898947656154632,0.2086080610752105,0.2104201912879943,0.2067074179649353,5.0008296966552734e-05,0.0,0.0,0.0,0.0,0.0550000071525573,0.054199993610382,0.0604000091552734,0.0598000288009643,0.0573999881744384,0.5562430024147034,0.8754500150680542,0.8528510928153992,0.7662000060081482,8.611116409301758,0.07124999910593033,11.74599552154541,0.04919999837875366,0.004069649148732424,1.0,0.163687065243721,0.9545999765396118,45.43050765991211,0.06669999659061432,45.3907356262207,0.041600000113248825
43,0.0115934144705533,0.011673666536808,0.0132597759366035,0.0126762362197041,0.0120255444198846,0.1874488294124603,0.1992953419685363,0.20916748046875,0.2082270681858062,0.2031975984573364,0.0,0.0,0.0,0.0,0.0,0.0527999997138977,0.0562000274658203,0.0604000091552734,0.0586000084877014,0.0562000274658203,0.5337474346160889,0.8807500004768372,0.6242610812187195,0.8528000116348267,8.319907188415527,0.07349999994039536,11.94370174407959,0.08860000222921371,0.003941503819078207,1.0,0.1625552922487259,0.9552000164985657,42.36798095703125,0.06689999997615814,38.744686126708984,0.09359999746084213
44,0.0111525179818272,0.011308105662465,0.0126488003879785,0.0121591333299875,0.0115082440897822,0.2046423107385635,0.1901391297578811,0.2126220911741256,0.2123195827007293,0.2002172321081161,0.0,0.0,0.0,0.0,0.0,0.0569999814033508,0.0550000071525573,0.0604000091552734,0.060800015926361,0.0562000274658203,0.5153358578681946,0.885200023651123,0.6119239330291748,0.8501999974250793,9.019213676452637,0.07355000078678131,10.416454315185547,0.04919999837875366,0.003813042538240552,1.0,0.16156184673309326,0.95660001039505,42.693580627441406,0.0718500018119812,48.95417022705078,0.07959999889135361
45,0.0109413480386137,0.0108260279521346,0.0121285421773791,0.011745854280889,0.0111264204606413,0.1868503242731094,0.1898200809955597,0.2084499299526214,0.2081277072429657,0.1949680596590042,0.0,0.0,0.0,0.0,0.0,0.0519999861717224,0.0526000261306762,0.0600000023841857,0.0591999888420105,0.0551999807357788,0.49779847264289856,0.8912500143051147,0.591606855392456,0.8547999858856201,8.046935081481934,0.07545000314712524,9.93270492553711,0.04919999837875366,0.0037407162599265575,1.0,0.16197505593299866,0.9559999704360962,44.95442581176758,0.06870000064373016,48.044742584228516,0.02239999920129776
46,0.0103797521442174,0.0104290889576077,0.0115887057036161,0.0112664187327027,0.0106945186853408,0.1859045475721359,0.1912294626235962,0.2085948437452316,0.2084556818008422,0.1992460638284683,0.0,0.0,0.0,0.0,0.0,0.0519999861717224,0.0558000206947326,0.0601999759674072,0.0559999942779541,0.0564000010490417,0.4779201149940491,0.8959500193595886,0.5840203166007996,0.8551999926567078,8.444489479064941,0.07580000162124634,12.318618774414062,0.04919999837875366,0.0035927104763686657,1.0,0.1617661565542221,0.9562000036239624,42.38384246826172,0.06610000133514404,37.44385528564453,0.06780000030994415
47,0.010003269650042,0.0100975632667541,0.0110985524952411,0.0109363282099366,0.010379591025412,0.1892136037349701,0.1919925957918167,0.20614755153656,0.2096697092056274,0.1967668831348419,0.0,0.0,0.0,0.0,0.0,0.0526000261306762,0.055400013923645,0.0591999888420105,0.0595999956130981,0.0558000206947326,0.4657953977584839,0.8972499966621399,0.5609008073806763,0.8641999959945679,8.414029121398926,0.07705000042915344,14.171699523925781,0.08799999952316284,0.003488862654194236,1.0,0.1617182344198227,0.9556000232696533,39.116390228271484,0.06655000150203705,40.99372482299805,0.08860000222921371
48,0.0097037684172391,0.0097084948793053,0.0106704048812389,0.0105715552344918,0.00999098084867,0.1855774372816085,0.1881904006004333,0.2056823223829269,0.2057834416627884,0.1951029002666473,0.0,0.0,0.0,0.0,0.0,0.0509999990463256,0.0540000200271606,0.0605999827384948,0.0577999949455261,0.0547999739646911,0.4468623101711273,0.9030500054359436,0.5353201031684875,0.8691999912261963,7.67444372177124,0.0771000012755394,7.032833576202393,0.08799999952316284,0.003400001209229231,1.0,0.16067107021808624,0.9562000036239624,38.012611389160156,0.06674999743700027,50.123268127441406,0.04919999837875366
49,0.0093391872942447,0.0094120791181921,0.0102490009739995,0.0101712374016642,0.0096586840227246,0.1874296367168426,0.1881604343652725,0.2065629810094833,0.2088118195533752,0.199246197938919,0.0,0.0,0.0,0.0,0.0,0.0522000193595886,0.0527999997138977,0.0604000091552734,0.060800015926361,0.0555999875068664,0.4368952214717865,0.9029499888420105,0.5278377532958984,0.8745999932289124,7.824843883514404,0.07524999976158142,9.395819664001465,0.052400000393390656,0.003297887509688735,1.0,0.16140928864479065,0.9567999839782715,41.37038040161133,0.06790000200271606,33.41585922241211,0.052400000393390656
50,0.0090704411268234,0.0091189490631222,0.0098852952942252,0.0098784733563661,0.0093293888494372,0.18675397336483,0.1860662102699279,0.2039802521467209,0.2058303505182266,0.1961487382650375,0.0,0.0,0.0,0.0,0.0,0.0527999997138977,0.0537999868392944,0.0600000023841857,0.0577999949455261,0.0550000071525573,0.4172903895378113,0.9089999794960022,0.5124685168266296,0.8758000135421753,7.473167419433594,0.07545000314712524,6.145808219909668,0.09359999746084213,0.003206358291208744,1.0,0.16242797672748566,0.9556000232696533,44.239688873291016,0.066600002348423,45.4392204284668,0.08860000222921371
51,0.0087518049404025,0.0088308835402131,0.0095398901030421,0.0095301512628793,0.0090407440438866,0.1879797279834747,0.1898231357336044,0.2068126648664474,0.2050450444221496,0.1996722966432571,0.0,0.0,0.0,0.0,0.0,0.0533999800682067,0.0555999875068664,0.0591999888420105,0.057200014591217,0.0559999942779541,0.407921701669693,0.9111999869346619,0.5623070001602173,0.8601999878883362,8.108656883239746,0.07784999907016754,10.12212085723877,0.04919999837875366,0.003122446360066533,1.0,0.16179640591144562,0.9563999772071838,44.87043380737305,0.06790000200271606,39.382110595703125,0.09359999746084213
52,0.0084746554493904,0.0085876630619168,0.009214436635375,0.0092676561325788,0.0087984772399067,0.182567149400711,0.1879388391971588,0.2022368460893631,0.20485720038414,0.1962947398424148,0.0,0.0,0.0,0.0,0.0,0.0504000186920166,0.0527999997138977,0.057200014591217,0.0569999814033508,0.0558000206947326,0.3938833177089691,0.9146999716758728,0.4895898997783661,0.8817999958992004,8.894944190979004,0.07654999941587448,7.48125696182251,0.08799999952316284,0.0030417211819440126,1.0,0.15995365381240845,0.9570000171661377,39.87253952026367,0.06930000334978104,41.64611053466797,0.08860000222921371
53,0.0082471324130892,0.0083242515102028,0.0089123137295246,0.0089826118201017,0.0085359597578644,0.1843766868114471,0.1856386065483093,0.2012825012207031,0.2062933593988418,0.1956191211938858,0.0,0.0,0.0,0.0,0.0,0.0526000261306762,0.0540000200271606,0.0580000281333923,0.0582000017166137,0.055400013923645,0.379949688911438,0.9174000024795532,0.4748351573944092,0.8841999769210815,7.599759578704834,0.07999999821186066,6.641139984130859,0.09359999746084213,0.00297094089910388,1.0,0.1615162342786789,0.9556000232696533,41.98929977416992,0.06634999811649323,39.34153366088867,0.04919999837875366
54,0.008038880303502,0.0080811884254217,0.0086232358589768,0.0087317768484354,0.0082977442070841,0.184296578168869,0.185602068901062,0.2021660953760147,0.2034741938114166,0.1935361921787262,0.0,0.0,0.0,0.0,0.0,0.0509999990463256,0.0519999861717224,0.059000015258789,0.0565999746322631,0.0540000200271606,0.36943620443344116,0.9203500151634216,0.4669317901134491,0.883400022983551,8.665687561035156,0.07524999976158142,11.102376937866211,0.06859999895095825,0.002900686813518405,1.0,0.15995736420154572,0.9559999704360962,39.97096633911133,0.06624999642372131,33.08921432495117,0.08860000222921371
55,0.007813905365765,0.0078863222151994,0.00834671407938,0.0084701664745807,0.0080474037677049,0.18295818567276,0.1853411942720413,0.2002058774232864,0.2071981132030487,0.1953101605176925,0.0,0.0,0.0,0.0,0.0,0.0515999794006347,0.0533999800682067,0.0580000281333923,0.0580000281333923,0.053600013256073,0.36139675974845886,0.9216499924659729,0.462630957365036,0.8873999714851379,7.536667346954346,0.07665000110864639,8.762650489807129,0.08799999952316284,0.0028363883029669523,1.0,0.16021738946437836,0.9570000171661377,41.82250213623047,0.06989999860525131,24.046977996826172,0.026399999856948853
56,0.0075746797956526,0.007621650584042,0.0080903423950076,0.0082316203042864,0.007808185648173,0.1887592524290084,0.185755044221878,0.2017840296030044,0.2041704207658767,0.1927825510501861,0.0,0.0,0.0,0.0,0.0,0.0532000064849853,0.0529999732971191,0.0577999949455261,0.0573999881744384,0.0533999800682067,0.3494265079498291,0.923799991607666,0.4744569957256317,0.8823999762535095,7.430706977844238,0.08044999837875366,12.063531875610352,0.08860000222921371,0.002758434973657131,1.0,0.16246944665908813,0.9563999772071838,42.30897521972656,0.06735000014305115,42.575286865234375,0.0681999996304512
57,0.0073856660164892,0.0074156457558274,0.0078601958230137,0.0080022569745779,0.0076213674619793,0.182225152850151,0.1842096447944641,0.2010519057512283,0.2034064382314682,0.198705181479454,0.0,0.0,0.0,0.0,0.0,0.0514000058174133,0.0526000261306762,0.0577999949455261,0.0569999814033508,0.0568000078201293,0.33800816535949707,0.9273999929428101,0.4463241696357727,0.8916000127792358,8.871923446655273,0.07665000110864639,7.845744609832764,0.03920000046491623,0.0027042643632739782,1.0,0.16004164516925812,0.9574000239372253,39.903812408447266,0.06684999912977219,50.75372314453125,0.07959999889135361
58,0.0071524321101605,0.0072107091546058,0.0076404372230172,0.0077754738740623,0.0074507356621325,0.1815962344408035,0.1823088228702545,0.2002910077571869,0.2038037776947021,0.1917926669120788,0.0,0.0,0.0,0.0,0.0,0.0508000254631042,0.0527999997138977,0.0565999746322631,0.0558000206947326,0.0526000261306762,0.3309340476989746,0.9280999898910522,0.4560448229312897,0.8863999843597412,7.587725639343262,0.0783500000834465,9.604734420776367,0.06859999895095825,0.00262874411419034,1.0,0.15925689041614532,0.9575999975204468,38.26551818847656,0.06729999929666519,36.91474533081055,0.04919999837875366
59,0.0069913985207676,0.007031122688204,0.0074770087376236,0.0075863706879317,0.007207061164081,0.1815904676914215,0.1828212440013885,0.2005628645420074,0.2052722722291946,0.19050894677639,0.0,0.0,0.0,0.0,0.0,0.050599992275238,0.0515999794006347,0.0586000084877014,0.0586000084877014,0.0526000261306762,0.3193455934524536,0.9315999746322632,0.43445464968681335,0.88919997215271,7.711280345916748,0.07530000060796738,8.067415237426758,0.04919999837875366,0.002576420782133937,1.0,0.15986552834510803,0.9575999975204468,43.372074127197266,0.06965000182390213,51.52797317504883,0.04919999837875366
60,0.0068095098249614,0.0068289712071418,0.0072219255380332,0.0074057732708752,0.0070495973341166,0.1903840750455856,0.1815057247877121,0.1996143609285354,0.2019522041082382,0.1911466568708419,0.0,0.0,0.0,0.0,0.0,0.0540000200271606,0.0519999861717224,0.057200014591217,0.0568000078201293,0.0529999732971191,0.311174601316452,0.9334999918937683,0.4804840683937073,0.8784000277519226,8.177529335021973,0.07705000042915344,8.731199264526367,0.04919999837875366,0.002519444329664111,1.0,0.16203850507736206,0.9557999968528748,44.224273681640625,0.06620000302791595,27.0290584564209,0.04919999837875366
61,0.0066769295372068,0.0066782035864889,0.0070214127190411,0.0072096870280802,0.0068579046055674,0.1830326467752456,0.1822937428951263,0.1983505487442016,0.2031933665275573,0.1942947208881378,0.0,0.0,0.0,0.0,0.0,0.0497999787330627,0.0519999861717224,0.0576000213623046,0.0558000206947326,0.05239999294281,0.308928519487381,0.9328500032424927,0.5050932168960571,0.8722000122070312,8.203474044799805,0.07874999940395355,12.627022743225098,0.041600000113248825,0.0024755580816417933,1.0,0.1600179225206375,0.9571999907493591,42.447418212890625,0.06939999759197235,35.61470413208008,0.06780000030994415
62,0.0064933840185403,0.0065144682303071,0.0068327574990689,0.007039317395538,0.0067118369042873,0.1812305450439453,0.1810671687126159,0.1989286094903946,0.2026077955961227,0.1926325261592865,0.0,0.0,0.0,0.0,0.0,0.0508000254631042,0.0519999861717224,0.0580000281333923,0.0569999814033508,0.0533999800682067,0.2974412143230438,0.9359999895095825,0.39719098806381226,0.9016000032424927,8.06907844543457,0.07569999992847443,10.129679679870605,0.08860000222921371,0.0024137196596711874,1.0,0.15950873494148254,0.9584000110626221,42.684146881103516,0.06705000251531601,38.82427978515625,0.0681999996304512
63,0.0063228975050151,0.0063590733334422,0.0066685425117611,0.0068617700599133,0.0065390244126319,0.1824008822441101,0.181606575846672,0.1986012607812881,0.2009181529283523,0.1912346631288528,0.0,0.0,0.0,0.0,0.0,0.0508000254631042,0.0511999726295471,0.0568000078201293,0.055400013923645,0.0532000064849853,0.28797122836112976,0.9388999938964844,0.4307093620300293,0.8913999795913696,8.602523803710938,0.07774999737739563,7.102807998657227,0.08799999952316284,0.0023608391638845205,1.0,0.15955640375614166,0.9577999711036682,43.394893646240234,0.06530000269412994,39.8844108581543,0.08860000222921371
64,0.0061817439272999,0.0062155309133231,0.0065111326985061,0.0067146811634302,0.0063795722089707,0.1802561432123184,0.1831736117601394,0.1981933563947677,0.2019811272621154,0.1892026364803314,0.0,0.0,0.0,0.0,0.0,0.0497999787330627,0.0514000058174133,0.0559999942779541,0.0569999814033508,0.0518000125885009,0.28505373001098633,0.9391499757766724,0.3960854411125183,0.8974000215530396,7.653807163238525,0.07114999741315842,11.917308807373047,0.06780000030994415,0.00231754407286644,1.0,0.1595827341079712,0.9567999839782715,44.792686462402344,0.06745000183582306,38.52436447143555,0.07959999889135361
65,0.0060431049205362,0.0060734008438885,0.00634257029742,0.006544230505824,0.0062501579523086,0.1818073391914367,0.1798631995916366,0.2005555033683776,0.2009742856025695,0.1929511278867721,0.0,0.0,0.0,0.0,0.0,0.0496000051498413,0.0511999726295471,0.0582000017166137,0.0546000003814697,0.0532000064849853,0.27487829327583313,0.942300021648407,0.39241093397140503,0.902400016784668,8.293230056762695,0.08089999854564667,10.148268699645996,0.052400000393390656,0.0022715663071721792,1.0,0.1592545360326767,0.9571999907493591,40.33966064453125,0.06864999979734421,31.251684188842773,0.09359999746084213
66,0.0058997455053031,0.0059586553834378,0.0062003191560506,0.0064011490903794,0.0061101103201508,0.1813252866268158,0.1814204156398773,0.1998704820871353,0.2025786191225052,0.1899203956127166,0.0,0.0,0.0,0.0,0.0,0.0509999990463256,0.0526000261306762,0.0576000213623046,0.0562000274658203,0.0519999861717224,0.27034151554107666,0.9422000050544739,0.36370790004730225,0.9088000059127808,8.028461456298828,0.07919999957084656,8.485448837280273,0.041600000113248825,0.0022252551279962063,1.0,0.1597498506307602,0.9571999907493591,35.56549835205078,0.06710000336170197,32.89846420288086,0.09359999746084213
67,0.0057625784538686,0.0058104735799133,0.0060661481693387,0.0062624136917293,0.0059737134724855,0.1798300147056579,0.1811093389987945,0.1979986727237701,0.2001698911190033,0.189452588558197,0.0,0.0,0.0,0.0,0.0,0.0493999719619751,0.0508000254631042,0.0562000274658203,0.0555999875068664,0.0519999861717224,0.26109838485717773,0.9449999928474426,0.39933714270591736,0.899399995803833,8.191311836242676,0.07904999703168869,8.038744926452637,0.026399999856948853,0.002179448027163744,1.0,0.15925519168376923,0.9571999907493591,41.04082107543945,0.06885000318288803,40.97455978393555,0.07959999889135361
68,0.0056372005492448,0.0056895958259701,0.0059089269489049,0.0061319139786064,0.0058287736028432,0.1809281855821609,0.1780802309513092,0.1970921009778976,0.2025939524173736,0.1885539293289184,0.0,0.0,0.0,0.0,0.0,0.0493999719619751,0.050599992275238,0.0559999942779541,0.0555999875068664,0.0515999794006347,0.25663116574287415,0.9452000260353088,0.3798331022262573,0.906000018119812,8.556488990783691,0.07374999672174454,9.257237434387207,0.06859999895095825,0.002137405565008521,1.0,0.15928183495998383,0.9574000239372253,41.323795318603516,0.06549999862909317,51.690040588378906,0.04919999837875366
69,0.0055248998105525,0.0055575030855834,0.0057881888933479,0.006013446021825,0.0057158232666552,0.1851753145456314,0.179521307349205,0.197998046875,0.2013352960348129,0.1897740960121154,0.0,0.0,0.0,0.0,0.0,0.0504000186920166,0.0509999990463256,0.0568000078201293,0.0558000206947326,0.0529999732971191,0.24793577194213867,0.9480000138282776,0.5291719436645508,0.8601999878883362,8.29760456085205,0.07729999721050262,7.09091854095459,0.06780000030994415,0.002099149627611041,1.0,0.15925830602645874,0.9584000110626221,42.41676712036133,0.06689999997615814,44.675323486328125,0.07959999889135361
70,0.0054275961592793,0.005445095244795,0.005659129936248,0.0058718244545161,0.0055978950113058,0.1788962036371231,0.1817196607589721,0.1967943906784057,0.1990314275026321,0.1887918561697006,0.0,0.0,0.0,0.0,0.0,0.0491999983787536,0.050599992275238,0.057200014591217,0.0544000267982482,0.0514000058174133,0.24689042568206787,0.9466000199317932,0.37760215997695923,0.9016000032424927,8.467194557189941,0.07395000010728836,8.4258451461792,0.04919999837875366,0.0020642157178372145,1.0,0.15871058404445648,0.9574000239372253,43.92668151855469,0.06475000083446503,50.86882019042969,0.06780000030994415
71,0.0052997046150267,0.0053331088274717,0.00553162349388,0.0057561029680073,0.0054855523630976,0.1791680753231048,0.1836498230695724,0.1979163140058517,0.2011682689189911,0.1894617974758148,0.0,0.0,0.0,0.0,0.0,0.0493999719619751,0.0508000254631042,0.0573999881744384,0.0537999868392944,0.0522000193595886,0.23744553327560425,0.9492999911308289,0.3417891561985016,0.9143999814987183,7.70158576965332,0.08145000040531158,8.653908729553223,0.026399999856948853,0.00202202214859426,1.0,0.1587495505809784,0.9577999711036682,38.678096771240234,0.06404999643564224,37.45009994506836,0.09359999746084213
72,0.0051867002621293,0.0052304570563137,0.0054356232285499,0.0056356783024966,0.0053777513094246,0.1847265362739563,0.1804693043231964,0.1958135515451431,0.2011868357658386,0.1881450861692428,0.0,0.0,0.0,0.0,0.0,0.0514000058174133,0.050599992275238,0.0558000206947326,0.0544000267982482,0.0509999990463256,0.23183201253414154,0.9504500031471252,0.37765374779701233,0.9002000093460083,8.399615287780762,0.07599999755620956,11.246846199035645,0.06859999895095825,0.0019904128275811672,1.0,0.16015593707561493,0.9575999975204468,42.266117095947266,0.06679999828338623,32.501060485839844,0.08799999952316284
73,0.0051241186447441,0.0051239053718745,0.0053112832829356,0.0055248402059078,0.0052711209282279,0.1791093200445175,0.1794978529214859,0.1987396627664566,0.1994931548833847,0.1868600398302078,0.0,0.0,0.0,0.0,0.0,0.0493999719619751,0.0508000254631042,0.0564000010490417,0.0551999807357788,0.0511999726295471,0.23056364059448242,0.9508500099182129,0.3267419934272766,0.9172000288963318,8.106066703796387,0.0750499963760376,10.603090286254883,0.08799999952316284,0.001965763745829463,1.0,0.15886637568473816,0.9575999975204468,45.094058990478516,0.06840000301599503,36.242523193359375,0.06859999895095825
74,0.0049937930889427,0.0050283898599445,0.0052073686383664,0.0054199048317968,0.0051716607995331,0.1780114620923996,0.1785049438476562,0.195689246058464,0.1991806328296661,0.1898234486579895,0.0,0.0,0.0,0.0,0.0,0.0482000112533569,0.0511999726295471,0.0559999942779541,0.0537999868392944,0.0527999997138977,0.2225675731897354,0.9528999924659729,0.32166996598243713,0.9160000085830688,8.132466316223145,0.07559999823570251,13.768067359924316,0.04919999837875366,0.0019206502474844456,1.0,0.15814109146595,0.9593999981880188,43.626869201660156,0.06605000048875809,45.20328140258789,0.08799999952316284
75,0.0048972014337778,0.004926967434585,0.0050999941304326,0.0053132274188101,0.0050670877099037,0.178794577717781,0.1791030764579773,0.1950559765100479,0.199442833662033,0.1869516223669052,0.0,0.0,0.0,0.0,0.0,0.0490000247955322,0.0500000119209289,0.0558000206947326,0.0544000267982482,0.0511999726295471,0.2181667536497116,0.9537000060081482,0.34020477533340454,0.9103999733924866,8.105086326599121,0.07554999738931656,10.171189308166504,0.03920000046491623,0.0018886722391471267,1.0,0.15855009853839874,0.9588000178337097,44.77318572998047,0.06459999829530716,38.82908248901367,0.04919999837875366
76,0.004803704097867,0.0048373662866652,0.0050057913176715,0.0052093397825956,0.0049677831120789,0.178036630153656,0.1774261444807052,0.1952880322933197,0.1996421962976455,0.1875968426465988,0.0,0.0,0.0,0.0,0.0,0.0490000247955322,0.0500000119209289,0.0555999875068664,0.054199993610382,0.0509999990463256,0.21418078243732452,0.9539999961853027,0.3301275968551636,0.9129999876022339,8.68303394317627,0.07855000346899033,11.729585647583008,0.04919999837875366,0.001856484217569232,1.0,0.15793377161026,0.9584000110626221,44.541542053222656,0.06804999709129333,43.1444206237793,0.04919999837875366
77,0.0047164903953671,0.0047441492788493,0.0049029653891921,0.0051092253997921,0.0048835491761565,0.1810317635536193,0.1769292503595352,0.1965074390172958,0.2000067979097366,0.1865098923444748,0.0,0.0,0.0,0.0,0.0,0.048799991607666,0.0497999787330627,0.0555999875068664,0.053600013256073,0.0508000254631042,0.2080354243516922,0.956250011920929,0.31483396887779236,0.9190000295639038,8.143094062805176,0.08049999922513962,9.738509178161621,0.052400000393390656,0.001829137559980154,1.0,0.1588176190853119,0.9571999907493591,43.56373596191406,0.06814999878406525,54.850250244140625,0.0681999996304512
78,0.004635336343199,0.0046632816083729,0.0048166252672672,0.0050231688655912,0.0047979210503399,0.1771757751703262,0.1819230616092682,0.1962616592645645,0.1981280744075775,0.1884452700614929,0.0,0.0,0.0,0.0,0.0,0.0490000247955322,0.0509999990463256,0.0565999746322631,0.0537999868392944,0.0522000193595886,0.20545199513435364,0.9557999968528748,0.3055114150047302,0.9223999977111816,7.552685737609863,0.07895000278949738,9.768065452575684,0.08799999952316284,0.0017984708538278937,1.0,0.15810030698776245,0.9589999914169312,44.947914123535156,0.0625,51.00019836425781,0.0681999996304512
79,0.0045475466176867,0.0045862714760005,0.0047187623567879,0.0049338652752339,0.0047285868786275,0.1781249195337295,0.1781472712755203,0.1947816312313079,0.1992222666740417,0.18609718978405,0.0,0.0,0.0,0.0,0.0,0.048799991607666,0.0509999990463256,0.0555999875068664,0.0533999800682067,0.0511999726295471,0.2002776861190796,0.958549976348877,0.3211783468723297,0.9172000288963318,8.603409767150879,0.07564999908208847,8.431024551391602,0.052400000393390656,0.0017676401184871793,1.0,0.1585233211517334,0.9581999778747559,44.43932342529297,0.06355000287294388,49.445526123046875,0.06859999895095825
80,0.0044695734977722,0.0044899974018335,0.0046379645355045,0.0048476196825504,0.0046274415217339,0.1792556941509246,0.1794925332069397,0.1962692737579345,0.2001237422227859,0.188273549079895,0.0,0.0,0.0,0.0,0.0,0.0479999780654907,0.0501999855041503,0.0558000206947326,0.0533999800682067,0.0508000254631042,0.19621378183364868,0.9602500200271606,0.3041366934776306,0.9215999841690063,7.83423376083374,0.07760000228881836,9.401921272277832,0.041600000113248825,0.0017410872969776392,1.0,0.15891033411026,0.9580000042915344,42.5508918762207,0.06449999660253525,48.583221435546875,0.08799999952316284
81,0.0043787015601992,0.0044189970940351,0.0045622028410434,0.0047614015638828,0.0045503065921366,0.1795374453067779,0.1776797920465469,0.1944732666015625,0.1978864967823028,0.1864356100559234,0.0,0.0,0.0,0.0,0.0,0.048799991607666,0.050599992275238,0.0559999942779541,0.0537999868392944,0.0501999855041503,0.19233818352222443,0.9607999920845032,0.29723814129829407,0.9223999977111816,8.453969955444336,0.07689999788999557,13.1649808883667,0.08860000222921371,0.0017117590177804232,1.0,0.15820090472698212,0.9584000110626221,42.14551544189453,0.0669500008225441,39.48059844970703,0.08799999952316284
82,0.0043145059607923,0.0043433737009763,0.0044748103246092,0.0046704174019396,0.0044694379903376,0.179200604557991,0.1765791326761245,0.1939905881881714,0.2008187025785446,0.1864914000034332,0.0,0.0,0.0,0.0,0.0,0.0497999787330627,0.0496000051498413,0.0555999875068664,0.0537999868392944,0.0501999855041503,0.1917656511068344,0.9595000147819519,0.30164477229118347,0.9229999780654907,7.673714637756348,0.07635000348091125,12.161612510681152,0.031599998474121094,0.0016879228642210364,1.0,0.15823130309581757,0.9584000110626221,39.51447296142578,0.07135000079870224,39.93944549560547,0.04919999837875366
83,0.0042424765415489,0.0042644217610359,0.0043935561552643,0.0045933057554066,0.0043945773504674,0.1785420626401901,0.1767822057008743,0.1933866739273071,0.1988994926214218,0.1879981905221939,0.0,0.0,0.0,0.0,0.0,0.048799991607666,0.0501999855041503,0.0555999875068664,0.0537999868392944,0.0514000058174133,0.18542179465293884,0.9609500169754028,0.29735076427459717,0.921999990940094,8.426155090332031,0.07575000077486038,8.341679573059082,0.08860000222921371,0.0016603872645646334,1.0,0.158725768327713,0.9584000110626221,40.063690185546875,0.06650000065565109,43.45658493041992,0.08860000222921371
84,0.0041620419360697,0.0041961446404457,0.0043197125196456,0.0045205480419099,0.0043243276886641,0.1774611473083496,0.1771206110715866,0.1937767416238784,0.1976156234741211,0.1868618875741958,0.0,0.0,0.0,0.0,0.0,0.047599971294403,0.0497999787330627,0.0550000071525573,0.053600013256073,0.0504000186920166,0.18172985315322876,0.9620000123977661,0.5115662813186646,0.8641999959945679,8.627267837524414,0.08105000108480453,10.159557342529297,0.052400000393390656,0.0016358783468604088,1.0,0.1580139696598053,0.9588000178337097,45.98762893676758,0.06700000166893005,39.97749710083008,0.06859999895095825
85,0.0041034971363842,0.0041259904392063,0.004244418349117,0.0044418689794838,0.0042522004805505,0.175983041524887,0.1758075952529907,0.1937404870986938,0.197677657008171,0.1866624504327774,0.0,0.0,0.0,0.0,0.0,0.048799991607666,0.0490000247955322,0.0558000206947326,0.053600013256073,0.0504000186920166,0.19163888692855835,0.9578999876976013,0.2920967638492584,0.925000011920929,8.24489974975586,0.0754999965429306,7.284555435180664,0.04919999837875366,0.0016126297414302826,1.0,0.15801995992660522,0.9589999914169312,43.45889663696289,0.06239999830722809,31.027114868164062,0.09359999746084213
86,0.0040362970903515,0.0040592565201222,0.0041778828017413,0.0043735704384744,0.0041859420016407,0.1781328022480011,0.1770240217447281,0.1947628408670425,0.1978945732116699,0.1861883103847503,0.0,0.0,0.0,0.0,0.0,0.0482000112533569,0.0490000247955322,0.0555999875068664,0.0526000261306762,0.050599992275238,0.17500416934490204,0.9647499918937683,0.7464933395385742,0.7946000099182129,7.636826515197754,0.07689999788999557,9.889243125915527,0.08799999952316284,0.0015909032663330436,1.0,0.15790732204914093,0.9585999846458435,41.1652717590332,0.07209999859333038,43.02926254272461,0.009800000116229057
87,0.0039671617560088,0.0039912238717079,0.0041135298088192,0.0043037086725234,0.0041158283129334,0.1781173795461654,0.1751947999000549,0.1928045451641082,0.1966737806797027,0.1866447478532791,0.0,0.0,0.0,0.0,0.0,0.0478000044822692,0.0497999787330627,0.0547999739646911,0.0532000064849853,0.0497999787330627,0.23236814141273499,0.9470999836921692,0.2950967848300934,0.9240000247955322,9.15963077545166,0.07580000162124634,7.199343681335449,0.06780000030994415,0.001567730214446783,1.0,0.1583998203277588,0.9585999846458435,43.451438903808594,0.0658000037074089,37.813011169433594,0.08460000157356262
88,0.0039016704540699,0.0039409180171787,0.0040417732670903,0.0042351335287094,0.004048126284033,0.1768236756324768,0.1755288541316986,0.1930477023124694,0.1982651799917221,0.1853763461112976,0.0,0.0,0.0,0.0,0.0,0.0490000247955322,0.047599971294403,0.054199993610382,0.0527999997138977,0.0496000051498413,0.17050603032112122,0.9655500054359436,0.28108134865760803,0.9273999929428101,7.653756141662598,0.07495000213384628,8.890670776367188,0.09359999746084213,0.0015429293271154165,1.0,0.15736262500286102,0.9588000178337097,40.54987716674805,0.06445000320672989,44.10798645019531,0.026399999856948853
89,0.0038461859803646,0.0038702134042978,0.0039753871969878,0.0041697062551975,0.003992345649749,0.1778119206428527,0.1754565834999084,0.1933580040931701,0.1966980397701263,0.1853934079408645,0.0,0.0,0.0,0.0,0.0,0.0472000241279602,0.0500000119209289,0.0544000267982482,0.0527999997138977,0.0482000112533569,0.1659161001443863,0.9668999910354614,0.28301775455474854,0.9264000058174133,8.116477012634277,0.07944999635219574,10.491751670837402,0.09359999746084213,0.0015233636368066072,1.0,0.158739373087883,0.9589999914169312,41.30669403076172,0.0632999986410141,41.92961120605469,0.06780000030994415
90,0.0037850085645914,0.0038108250591903,0.0039131687954068,0.0040998710319399,0.0039292783476412,0.176122784614563,0.1750851571559906,0.1943989545106887,0.1972332745790481,0.1887195855379104,0.0,0.0,0.0,0.0,0.0,0.0478000044822692,0.0478000044822692,0.0547999739646911,0.0529999732971191,0.0511999726295471,0.16316764056682587,0.9678500294685364,0.2732352018356323,0.9273999929428101,8.100236892700195,0.07810000330209732,8.534695625305176,0.031599998474121094,0.0015026855980977416,1.0,0.1570562869310379,0.9592000246047974,43.447879791259766,0.06915000081062317,28.407268524169922,0.02239999920129776
91,0.0037238902878016,0.0037501484621316,0.0038658280391246,0.0040414668619632,0.0038745796773582,0.1775776296854019,0.1749737113714218,0.1929987668991089,0.1966486126184463,0.1861494332551956,0.0,0.0,0.0,0.0,0.0,0.0478000044822692,0.0479999780654907,0.0546000003814697,0.053600013256073,0.0500000119209289,0.16023015975952148,0.9679499864578247,0.2866387367248535,0.923799991607666,7.487707614898682,0.07564999908208847,10.083905220031738,0.09359999746084213,0.0014808056876063347,1.0,0.1580878645181656,0.9585999846458435,43.04832077026367,0.06475000083446503,37.176170349121094,0.07959999889135361
92,0.0036719855852425,0.0036906264722347,0.0037948582321405,0.0039804950356483,0.0038094967603683,0.178381010890007,0.1753602027893066,0.1926831007003784,0.1979452222585678,0.186173990368843,0.0,0.0,0.0,0.0,0.0,0.0468000173568725,0.0490000247955322,0.0558000206947326,0.0527999997138977,0.0497999787330627,0.15838593244552612,0.9685999751091003,0.3027878701686859,0.9200000166893005,8.88577938079834,0.0783500000834465,12.128539085388184,0.08460000157356262,0.0014608975034207106,1.0,0.15860004723072052,0.9588000178337097,43.8166389465332,0.06594999879598618,40.74653625488281,0.04919999837875366
93,0.0036187428049743,0.0036430859472602,0.0037398785352706,0.0039227786473929,0.0037518360186368,0.1779856532812118,0.1752763986587524,0.1927476823329925,0.197026714682579,0.1844398975372314,0.0,0.0,0.0,0.0,0.0,0.047599971294403,0.0490000247955322,0.0544000267982482,0.05239999294281,0.0497999787330627,0.15482869744300842,0.9697499871253967,0.30886104702949524,0.9151999950408936,8.641348838806152,0.07190000265836716,6.503838062286377,0.08860000222921371,0.0014394724275916815,1.0,0.15740318596363068,0.9602000117301941,41.93333053588867,0.06515000015497208,32.833744049072266,0.009399999864399433
94,0.0035670078359544,0.0035859008785337,0.003686923533678,0.0038639418780803,0.0037017597351223,0.1799735128879547,0.1740572452545166,0.1927259713411331,0.1964254826307296,0.1853981465101242,0.0,0.0,0.0,0.0,0.0,0.0496000051498413,0.0491999983787536,0.0547999739646911,0.0527999997138977,0.0493999719619751,0.15241289138793945,0.9707000255584717,0.2840864658355713,0.9261999726295471,7.927731037139893,0.07500000298023224,9.646200180053711,0.09359999746084213,0.00142313027754426,1.0,0.15873275697231293,0.9588000178337097,46.26154708862305,0.06575000286102295,39.56498718261719,0.09359999746084213
95,0.0035181862767785,0.0035330515820533,0.0036321044899523,0.0038062259554862,0.0036455448716878,0.1764460951089859,0.1757395565509796,0.1928490102291107,0.1985389590263366,0.1850261837244033,0.0,0.0,0.0,0.0,0.0,0.0478000044822692,0.0490000247955322,0.0544000267982482,0.0514000058174133,0.0491999983787536,0.14928928017616272,0.9711999893188477,0.2795412242412567,0.9279999732971191,8.425725936889648,0.07460000365972519,7.036970138549805,0.04919999837875366,0.0014059381792321801,1.0,0.1571911722421646,0.9595999717712402,42.59652328491211,0.06764999777078629,46.01177978515625,0.041600000113248825
96,0.0034596980549395,0.0034836682025343,0.003573389025405,0.0037622260861098,0.0035887283738702,0.1757031083106994,0.1747140288352966,0.1916987746953964,0.1965916603803634,0.1849011778831482,0.0,0.0,0.0,0.0,0.0,0.0473999977111816,0.0483999848365783,0.0547999739646911,0.0529999732971191,0.0491999983787536,0.14746469259262085,0.9715999960899353,0.28954264521598816,0.9222000241279602,7.5632805824279785,0.08269999921321869,9.153685569763184,0.041600000113248825,0.0013854213757440448,1.0,0.15724951028823853,0.9599999785423279,40.78375244140625,0.0669500008225441,39.60802459716797,0.07959999889135361
97,0.0034117239993065,0.0034357958938926,0.0035204510204494,0.0036953368689864,0.0035444530658423,0.1758285462856292,0.1739696711301803,0.1926037520170211,0.1960179656744003,0.183919072151184,0.0,0.0,0.0,0.0,0.0,0.0479999780654907,0.0482000112533569,0.0537999868392944,0.0529999732971191,0.0491999983787536,0.14470647275447845,0.9726499915122986,0.271481454372406,0.9297999739646912,8.713756561279297,0.07455000281333923,10.702287673950195,0.04919999837875366,0.0013681415002793074,1.0,0.157608762383461,0.9595999717712402,40.70922088623047,0.06674999743700027,40.32120895385742,0.06780000030994415
98,0.0033663294743746,0.0033942046575248,0.0034716648515313,0.0036474207881838,0.0034930268302559,0.1757357865571975,0.1737033426761627,0.1919747143983841,0.1957758963108062,0.1853472739458084,0.0,0.0,0.0,0.0,0.0,0.0479999780654907,0.0482000112533569,0.0540000200271606,0.0519999861717224,0.0496000051498413,0.14240112900733948,0.9735000133514404,0.28670477867126465,0.9215999841690063,7.542004585266113,0.07604999840259552,11.392680168151855,0.09359999746084213,0.0013523364905267954,1.0,0.15699003636837006,0.9602000117301941,44.715843200683594,0.07195000350475311,49.87446975708008,0.04919999837875366
99,0.0033263689838349,0.0033381129615008,0.0034250968601554,0.0036003363784402,0.0034450246021151,0.1770090460777282,0.1745524257421493,0.1919239163398742,0.1970925480127334,0.1834168434143066,0.0,0.0,0.0,0.0,0.0,0.0478000044822692,0.0482000112533569,0.0533999800682067,0.0529999732971191,0.0491999983787536,0.14202743768692017,0.9728500247001648,0.2794313430786133,0.9265999794006348,8.665261268615723,0.07304999977350235,8.700058937072754,0.0681999996304512,0.0013349412474781275,1.0,0.15749609470367432,0.9602000117301941,44.89780044555664,0.06689999997615814,36.043601989746094,0.07959999889135361
100,0.0032749325037002,0.0032916152849793,0.0033768883440643,0.0035503322724252,0.0034015879500657,0.1771086901426315,0.1733022332191467,0.1913715004920959,0.196498766541481,0.1838608831167221,0.0,0.0,0.0,0.0,0.0,0.0468000173568725,0.0486000180244445,0.0544000267982482,0.0527999997138977,0.0493999719619751,0.13811208307743073,0.9741500020027161,0.2702174186706543,0.9273999929428101,8.917290687561035,0.07774999737739563,9.523865699768066,0.06780000030994415,0.0013173188781365752,1.0,0.15822546184062958,0.9592000246047974,36.250244140625,0.06644999980926514,47.91396713256836,0.09359999746084213
101,0.0032289787195622,0.003258143318817,0.0033289364073425,0.0035001812502741,0.0033568816725164,0.1770211160182953,0.1734625548124313,0.1917296200990677,0.1963283866643905,0.1852986067533493,0.0,0.0,0.0,0.0,0.0,0.0472000241279602,0.0473999977111816,0.0544000267982482,0.05239999294281,0.0493999719619751,0.13462604582309723,0.9749500155448914,0.2516028881072998,0.9333999752998352,8.508596420288086,0.07334999740123749,8.158473014831543,0.07959999889135361,0.001300256815738976,1.0,0.15729743242263794,0.9595999717712402,45.416351318359375,0.06800000369548798,32.23442077636719,0.06780000030994415
102,0.0031906256917864,0.0032250473741441,0.003288535401225,0.0034516970627009,0.0033212665002793,0.1772861927747726,0.1747449934482574,0.1922960132360458,0.1960959434509277,0.1855616420507431,0.0,0.0,0.0,0.0,0.0,0.0469999909400939,0.048799991607666,0.0537999868392944,0.0518000125885009,0.0497999787330627,0.13252674043178558,0.9748499989509583,0.2631060779094696,0.9294000267982483,8.707456588745117,0.07365000247955322,9.71229076385498,0.04919999837875366,0.001285749371163547,1.0,0.15795795619487762,0.9595999717712402,37.90996551513672,0.06700000166893005,27.481481552124023,0.009800000116229057
103,0.0031431620009243,0.003166768932715,0.0032450011931359,0.003416109830141,0.0032679245341569,0.1765955537557602,0.1730208694934845,0.1910479217767715,0.1961528211832046,0.1836638450622558,0.0,0.0,0.0,0.0,0.0,0.0469999909400939,0.047599971294403,0.0533999800682067,0.0526000261306762,0.0486000180244445,0.1310061514377594,0.9751999974250793,0.24622538685798645,0.9340000152587891,8.143167495727539,0.07824999839067459,7.361600875854492,0.08860000222921371,0.0012699613580480218,1.0,0.1577012687921524,0.9598000049591064,37.22969055175781,0.06525000184774399,42.343990325927734,0.03920000046491623
104,0.0031040452886372,0.0031282347626984,0.0032068649306893,0.0033647427335381,0.0032257449347525,0.1757619082927703,0.1730106323957443,0.191957488656044,0.1964611262083053,0.1839866042137146,0.0,0.0,0.0,0.0,0.0,0.0469999909400939,0.0483999848365783,0.0540000200271606,0.0529999732971191,0.0486000180244445,0.12899397313594818,0.9757999777793884,0.27925410866737366,0.9264000058174133,7.739773273468018,0.07784999907016754,8.465422630310059,0.041600000113248825,0.0012545562349259853,1.0,0.15721653401851654,0.9610000252723694,40.00457000732422,0.06930000334978104,49.18568801879883,0.06780000030994415
105,0.0030623003840446,0.0030866370070725,0.0031618308275938,0.0033215126022696,0.0031822766177356,0.1766423434019088,0.1735697090625763,0.1919474005699157,0.1952152401208877,0.184060513973236,0.0,0.0,0.0,0.0,0.0,0.0469999909400939,0.0482000112533569,0.0533999800682067,0.05239999294281,0.0482000112533569,0.12854351103305817,0.9752500057220459,0.24239657819271088,0.9345999956130981,7.596224784851074,0.07840000092983246,8.052641868591309,0.07959999889135361,0.0012403676519170403,1.0,0.1575506031513214,0.9606000185012817,35.88144302368164,0.06669999659061432,40.54812240600586,0.02239999920129776
106,0.0030246181413531,0.0030502716545015,0.0031210463494062,0.003279726486653,0.0031407149508595,0.1753164380788803,0.1728476732969284,0.1921925395727157,0.1965780705213546,0.1839248090982437,0.0,0.0,0.0,0.0,0.0,0.0468000173568725,0.0482000112533569,0.0540000200271606,0.0532000064849853,0.048799991607666,0.12501710653305054,0.9764000177383423,0.2781044542789459,0.9246000051498413,8.545805931091309,0.07304999977350235,9.934595108032227,0.0681999996304512,0.0012247213162481785,1.0,0.15708884596824646,0.9607999920845032,41.39438247680664,0.0658000037074089,46.45565414428711,0.07959999889135361
107,0.0029895391780883,0.003005770035088,0.0030803526751697,0.0032369960099458,0.0031052131671458,0.1757165193557739,0.173207551240921,0.1910345256328582,0.1961884349584579,0.1849730908870697,0.0,0.0,0.0,0.0,0.0,0.0469999909400939,0.0469999909400939,0.053600013256073,0.05239999294281,0.0483999848365783,0.12334654480218887,0.9774500131607056,0.23976914584636688,0.9355999827384949,7.942280292510986,0.07034999877214432,7.03282356262207,0.041600000113248825,0.0012126986403018236,1.0,0.15712928771972656,0.9603999853134155,41.90830612182617,0.06949999928474426,39.74964904785156,0.026399999856948853
108,0.0029485221020877,0.0029734598938375,0.0030379628296941,0.0031959402840584,0.0030655856244266,0.1762070506811142,0.174096867442131,0.1926276832818985,0.1953012645244598,0.1847697347402572,0.0,0.0,0.0,0.0,0.0,0.0473999977111816,0.0482000112533569,0.0533999800682067,0.0514000058174133,0.0491999983787536,0.12062151730060577,0.9768499732017517,0.2468610554933548,0.9358000159263611,7.540642738342285,0.0754999965429306,8.225337028503418,0.09359999746084213,0.0011978058610111475,1.0,0.1572219878435135,0.9603999853134155,48.33136749267578,0.06560000032186508,56.22052001953125,0.09359999746084213
109,0.0029134126380085,0.002934698946774,0.0030058484990149,0.0031538177281618,0.0030292570590972,0.1766959279775619,0.1740188300609588,0.1936780512332916,0.1959333717823028,0.1835746020078659,0.0,0.0,0.0,0.0,0.0,0.0472000241279602,0.0460000038146972,0.0546000003814697,0.0519999861717224,0.0493999719619751,0.11938738822937012,0.9777500033378601,0.2447032928466797,0.9351999759674072,8.469620704650879,0.07590000331401825,9.464314460754395,0.02979999966919422,0.0011844085529446602,1.0,0.15769988298416138,0.9602000117301941,41.57115936279297,0.0658000037074089,42.77313995361328,0.06859999895095825
110,0.002878064289689,0.0029000155627727,0.0029731139075011,0.0031172742601484,0.0029963150154799,0.1757412403821945,0.1730976402759552,0.1903076320886612,0.1949188411235809,0.1829777806997299,0.0,0.0,0.0,0.0,0.0,0.0461999773979187,0.0490000247955322,0.0540000200271606,0.0515999794006347,0.0491999983787536,0.11834587156772614,0.9775000214576721,0.304252564907074,0.91839998960495,8.059662818908691,0.07069999724626541,10.96779727935791,0.08799999952316284,0.0011719512986019254,1.0,0.15694957971572876,0.9610000252723694,40.73983383178711,0.06334999948740005,41.78537368774414,0.08799999952316284
111,0.0028439147863537,0.0028704367578029,0.0029309024102985,0.0030828458257019,0.0029534341301769,0.1760789304971695,0.17349474132061,0.1909592598676681,0.1953610628843307,0.1836492866277694,0.0,0.0,0.0,0.0,0.0,0.0473999977111816,0.0482000112533569,0.0537999868392944,0.0522000193595886,0.0500000119209289,0.11634460091590881,0.9784500002861023,0.23372648656368256,0.9376000165939331,7.9455790519714355,0.07925000041723251,8.39521312713623,0.08460000157356262,0.0011579844867810607,1.0,0.1573689877986908,0.9607999920845032,46.00598907470703,0.06714999675750732,47.74399948120117,0.052400000393390656
112,0.0028067186940461,0.0028306113090366,0.0028970732819288,0.0030437419191002,0.0029257906135171,0.1755557805299759,0.1735772639513015,0.1915881782770156,0.1960643231868744,0.182800218462944,0.0,0.0,0.0,0.0,0.0,0.0464000105857849,0.0473999977111816,0.0544000267982482,0.05239999294281,0.0490000247955322,0.11365173012018204,0.9789999723434448,0.2504126727581024,0.9326000213623047,7.926497459411621,0.08004999905824661,8.886972427368164,0.07959999889135361,0.0011450465535745025,1.0,0.15682849287986755,0.9603999853134155,40.76679229736328,0.06780000030994415,42.3940544128418,0.052400000393390656
113,0.0027746513951569,0.0027978683356195,0.0028612681198865,0.0030096038244664,0.0028865747153759,0.1753946542739868,0.1734097450971603,0.1905920356512069,0.1959322392940521,0.1835263222455978,0.0,0.0,0.0,0.0,0.0,0.0464000105857849,0.0482000112533569,0.0533999800682067,0.0526000261306762,0.0490000247955322,0.11152336746454239,0.9801499843597412,0.24179796874523163,0.9358000159263611,7.987582683563232,0.07485000044107437,7.238031387329102,0.06780000030994415,0.0011332572903484106,1.0,0.15700238943099976,0.9606000185012817,40.425045013427734,0.06639999896287918,45.63264846801758,0.08860000222921371
114,0.0027452446520328,0.0027622478082776,0.0028273910284042,0.0029736650176346,0.0028525285888463,0.1759331822395324,0.1730717420578003,0.1895665228366851,0.1962942034006118,0.1829200387001037,0.0,0.0,0.0,0.0,0.0,0.0468000173568725,0.0472000241279602,0.0533999800682067,0.0522000193595886,0.0483999848365783,0.11117339134216309,0.9802500009536743,0.2420044243335724,0.9355999827384949,8.154913902282715,0.07874999940395355,9.799735069274902,0.09359999746084213,0.0011210320517420769,1.0,0.15711474418640137,0.9611999988555908,43.212921142578125,0.06840000301599503,50.1229362487793,0.09359999746084213
115,0.0027085179463028,0.0027306843549013,0.0027958012651652,0.0029442503582686,0.0028182428795844,0.1754028052091598,0.1721970736980438,0.1903576254844665,0.1945221573114395,0.1824597865343094,0.0,0.0,0.0,0.0,0.0,0.0464000105857849,0.0473999977111816,0.053600013256073,0.0509999990463256,0.0486000180244445,0.10856502503156662,0.9803000092506409,0.22846968472003937,0.9386000037193298,8.670628547668457,0.07769999653100967,7.375389099121094,0.052400000393390656,0.0011084844591096044,1.0,0.1570289582014084,0.9610000252723694,41.48957061767578,0.06355000287294388,34.4232177734375,0.07959999889135361
116,0.0026811191346496,0.0027015793602913,0.0027611700352281,0.0029048956930637,0.0027878659311681,0.1756390333175659,0.1732908338308334,0.1902645081281662,0.1948806345462799,0.1842610836029052,0.0,0.0,0.0,0.0,0.0,0.0465999841690063,0.0483999848365783,0.0532000064849853,0.0509999990463256,0.0490000247955322,0.10756222903728485,0.9804999828338623,0.237215057015419,0.9341999888420105,8.971880912780762,0.07554999738931656,10.101305961608887,0.09359999746084213,0.0010984252439811826,1.0,0.15748924016952515,0.9610000252723694,38.830379486083984,0.06714999675750732,44.948448181152344,0.04919999837875366
117,0.0026492809411138,0.0026694957632571,0.0027310992591083,0.0028741608839482,0.0027573895640671,0.1744414865970611,0.1735690385103225,0.1907394677400589,0.1947419494390487,0.1832838207483291,0.0,0.0,0.0,0.0,0.0,0.0460000038146972,0.0478000044822692,0.0532000064849853,0.0515999794006347,0.0478000044822692,0.10541678220033646,0.9812999963760376,0.22798828780651093,0.9377999901771545,7.7176923751831055,0.0783500000834465,8.74271297454834,0.08860000222921371,0.001086047850549221,1.0,0.15621310472488403,0.9607999920845032,47.027645111083984,0.06414999812841415,25.82469367980957,0.04919999837875366
118,0.0026204441674053,0.0026408245321363,0.0027063039597123,0.0028381887823343,0.0027276745531708,0.1756676435470581,0.1730422973632812,0.1916574835777282,0.1946770101785659,0.1832352131605148,0.0,0.0,0.0,0.0,0.0,0.0460000038146972,0.0473999977111816,0.0529999732971191,0.0509999990463256,0.0483999848365783,0.10357723385095596,0.9816499948501587,0.2388828843832016,0.9351999759674072,8.351692199707031,0.07559999823570251,9.356650352478027,0.04919999837875366,0.0010738683631643653,1.0,0.15668714046478271,0.9603999853134155,43.415348052978516,0.06520000100135803,40.13920211791992,0.04919999837875366
119,0.0025913286954164,0.0026114471256732,0.0026754115242511,0.0028095219749957,0.0026954987552016,0.1752836406230926,0.1717370301485061,0.1893121898174286,0.1948286443948745,0.1826589852571487,0.0,0.0,0.0,0.0,0.0,0.0464000105857849,0.0473999977111816,0.0533999800682067,0.0514000058174133,0.0482000112533569,0.10307595133781433,0.9816499948501587,0.2271234095096588,0.9387999773025513,7.99617338180542,0.0786999985575676,9.878412246704102,0.08860000222921371,0.0010638418607413769,1.0,0.15692728757858276,0.9611999988555908,37.95244216918945,0.06875000149011612,36.01555633544922,0.07959999889135361
120,0.0025638367515057,0.0025812708772718,0.0026409134734421,0.00277691334486,0.0026649129576981,0.1762021631002426,0.172093316912651,0.1893107593059539,0.1952555477619171,0.1828442811965942,0.0,0.0,0.0,0.0,0.0,0.0464000105857849,0.0472000241279602,0.0533999800682067,0.0514000058174133,0.0478000044822692,0.10159702599048615,0.9822499752044678,0.25872862339019775,0.930400013923645,8.802118301391602,0.07235000282526016,8.569376945495605,0.04919999837875366,0.0010536517947912216,1.0,0.15718895196914673,0.9607999920845032,40.38214874267578,0.06440000236034393,38.28537368774414,0.052400000393390656
121,0.0025363150052726,0.0025561477523297,0.0026127775199711,0.0027454933151602,0.0026368098333477,0.1741751581430435,0.1725477427244186,0.1887155920267105,0.1943505555391311,0.1830643117427826,0.0,0.0,0.0,0.0,0.0,0.0460000038146972,0.0460000038146972,0.0522000193595886,0.0504000186920166,0.0479999780654907,0.10050533711910248,0.9821000099182129,0.22895754873752594,0.9395999908447266,7.796602249145508,0.08139999955892563,4.623312950134277,0.07959999889135361,0.00104268710128963,1.0,0.15701924264431,0.9607999920845032,39.71651077270508,0.06485000252723694,40.999698638916016,0.04919999837875366
122,0.0025099322665482,0.0025296306703239,0.0025861267931759,0.0027159363962709,0.0026070582680404,0.1750570684671402,0.1723154485225677,0.1896964162588119,0.1948943734169006,0.1841216832399368,0.0,0.0,0.0,0.0,0.0,0.0460000038146972,0.047599971294403,0.053600013256073,0.0518000125885009,0.0491999983787536,0.09807717055082321,0.98294997215271,0.24166396260261536,0.9355999827384949,7.963408470153809,0.07400000095367432,10.599295616149902,0.08860000222921371,0.0010326341725885868,1.0,0.15706682205200195,0.9613999724388123,43.66059875488281,0.06665000319480896,40.7840576171875,0.0681999996304512
123,0.0024790654424577,0.0025001489557325,0.0025574977044016,0.0026875443290919,0.0025807206984609,0.1747116893529892,0.1732758730649948,0.1901849806308746,0.1946309506893158,0.1832132786512375,0.0,0.0,0.0,0.0,0.0,0.0455999970436096,0.0478000044822692,0.0529999732971191,0.0509999990463256,0.0483999848365783,0.09657756984233856,0.9837999939918518,0.22570966184139252,0.9404000043869019,7.620616436004639,0.07814999669790268,11.209794044494629,0.041600000113248825,0.0010212950874119997,1.0,0.15663403272628784,0.9611999988555908,45.06489181518555,0.06639999896287918,44.914127349853516,0.07959999889135361
124,0.0024526135530322,0.0024747487623244,0.0025293156504631,0.0026591341011226,0.0025521425995975,0.1752540469169616,0.1725018173456192,0.1894603818655014,0.194541335105896,0.1824650317430496,0.0,0.0,0.0,0.0,0.0,0.045799970626831,0.0473999977111816,0.0532000064849853,0.0515999794006347,0.0479999780654907,0.09597399085760117,0.9837499856948853,0.2193634808063507,0.9416000247001648,8.202849388122559,0.07784999907016754,8.286401748657227,0.08460000157356262,0.0010108284186571836,1.0,0.1567951887845993,0.9611999988555908,47.085628509521484,0.06315000355243683,52.98293685913086,0.07959999889135361
125,0.0024270152207463,0.0024448425974696,0.0025005429051816,0.0026316859293729,0.0025252003688365,0.1755216270685196,0.171501487493515,0.1893553584814071,0.1939089000225067,0.1824831962585449,0.0,0.0,0.0,0.0,0.0,0.0455999970436096,0.0461999773979187,0.0526000261306762,0.0493999719619751,0.0479999780654907,0.09396305680274963,0.9840499758720398,0.21758875250816345,0.9416000247001648,8.249120712280273,0.07644999772310257,8.935224533081055,0.02239999920129776,0.0010015401057898998,1.0,0.15687327086925507,0.9610000252723694,40.83575439453125,0.0669500008225441,41.74520492553711,0.052400000393390656
126,0.0024025244638323,0.00242206803523,0.0024739778600633,0.0026031667366623,0.0024963517207652,0.1743577122688293,0.1716564297676086,0.1893624812364578,0.1945803016424179,0.1826185286045074,0.0,0.0,0.0,0.0,0.0,0.0455999970436096,0.0468000173568725,0.0527999997138977,0.0508000254631042,0.0482000112533569,0.09236036986112595,0.9844499826431274,0.22196760773658752,0.9412000179290771,8.233257293701172,0.07479999959468842,7.105165004730225,0.07959999889135361,0.0009912961395457387,1.0,0.15676511824131012,0.9613999724388123,49.46984100341797,0.06955000013113022,51.08098602294922,0.08460000157356262
127,0.0023792751599103,0.0023994743824005,0.0024509348440915,0.0025765965692698,0.0024750211741775,0.1750149577856063,0.1719555854797363,0.1904565244913101,0.1946103125810623,0.1828446686267852,0.0,0.0,0.0,0.0,0.0,0.0464000105857849,0.047599971294403,0.053600013256073,0.0511999726295471,0.0486000180244445,0.09186927229166031,0.9831500053405762,0.21678593754768372,0.9408000111579895,8.099616050720215,0.07540000230073929,7.572413921356201,0.04919999837875366,0.000982467900030315,1.0,0.1570979505777359,0.9611999988555908,41.874656677246094,0.0640999972820282,34.46319580078125,0.07959999889135361
128,0.0023541373666375,0.0023713051341474,0.0024279956705868,0.0025505991652607,0.002449165796861,0.1748090982437133,0.1724571883678436,0.1892225295305252,0.1945597678422927,0.1819293349981308,0.0,0.0,0.0,0.0,0.0,0.0455999970436096,0.0472000241279602,0.0529999732971191,0.0500000119209289,0.0478000044822692,0.0912700891494751,0.9846500158309937,0.21727189421653748,0.942799985408783,8.477740287780762,0.07819999754428864,8.585088729858398,0.08799999952316284,0.0009733114275150001,1.0,0.1566624939441681,0.9610000252723694,41.110511779785156,0.06650000065565109,48.2717170715332,0.08460000157356262
129,0.0023279518354684,0.0023484553676098,0.0024004182778298,0.002523751463741,0.0024249707348644,0.1758747994899749,0.1719575375318527,0.1888306438922882,0.1948573291301727,0.1822910159826278,0.0,0.0,0.0,0.0,0.0,0.0461999773979187,0.0473999977111816,0.0529999732971191,0.0508000254631042,0.0479999780654907,0.0880761444568634,0.9854000210762024,0.21708162128925323,0.9399999976158142,8.328413009643555,0.07590000331401825,10.272884368896484,0.08860000222921371,0.0009637415641918778,1.0,0.15693248808383942,0.9611999988555908,42.989349365234375,0.06390000134706497,41.055137634277344,0.009399999864399433
130,0.0023059002123773,0.0023254984989762,0.0023765047080814,0.0024973903782665,0.0023981230333447,0.1749096512794494,0.1713752001523971,0.1892346888780594,0.1945970356464386,0.1834418028593063,0.0,0.0,0.0,0.0,0.0,0.0461999773979187,0.0473999977111816,0.0532000064849853,0.0509999990463256,0.0483999848365783,0.08760885894298553,0.9851999878883362,0.21476209163665771,0.9405999779701233,8.33835506439209,0.07744999974966049,10.143479347229004,0.06780000030994415,0.0009552426054142416,1.0,0.15705646574497223,0.9613999724388123,46.39815139770508,0.06610000133514404,55.56726837158203,0.08860000222921371
131,0.0022826304193586,0.0023046333808451,0.0023515422362834,0.0024731471203267,0.0023774895817041,0.1753870546817779,0.1733724921941757,0.189317524433136,0.195151537656784,0.1812645941972732,0.0,0.0,0.0,0.0,0.0,0.0455999970436096,0.0482000112533569,0.0526000261306762,0.0511999726295471,0.0472000241279602,0.08621136844158173,0.986549973487854,0.24738416075706482,0.9336000084877014,8.644183158874512,0.07384999841451645,10.392338752746582,0.04919999837875366,0.0009463526657782495,1.0,0.15694183111190796,0.9613999724388123,49.015663146972656,0.06665000319480896,48.05170822143555,0.08860000222921371
132,0.0022630819585174,0.0022807419300079,0.0023303960915654,0.0024513842072337,0.0023536451626569,0.1746439635753631,0.1721440553665161,0.1897889673709869,0.1938208788633346,0.1819208711385727,0.0,0.0,0.0,0.0,0.0,0.0455999970436096,0.0468000173568725,0.05239999294281,0.0497999787330627,0.047599971294403,0.08594318479299545,0.9863499999046326,0.2114810347557068,0.9430000185966492,9.282357215881348,0.0754999965429306,9.262776374816895,0.04919999837875366,0.0009382078424096107,1.0,0.1568489819765091,0.9611999988555908,39.42599868774414,0.06989999860525131,44.15537643432617,0.041600000113248825
133,0.0022384461481124,0.0022563822567462,0.0023082371335476,0.0024263358209282,0.002331469906494,0.1746392995119094,0.1717524379491806,0.1899702101945877,0.1937170624732971,0.1804685592651367,0.0,0.0,0.0,0.0,0.0,0.0455999970436096,0.0473999977111816,0.0532000064849853,0.0508000254631042,0.0472000241279602,0.08418408036231995,0.9868000149726868,0.21026310324668884,0.9409999847412109,8.16520881652832,0.08070000261068344,9.89079761505127,0.09359999746084213,0.0009291993919759989,1.0,0.15669935941696167,0.9613999724388123,40.17518615722656,0.06629999727010727,39.231956481933594,0.08460000157356262
134,0.002215405460447,0.0022340361028909,0.0022828774526715,0.0024013528600335,0.0023103996645659,0.1741207093000412,0.1710994243621826,0.1890579760074615,0.1946333944797516,0.1817830502986908,0.0,0.0,0.0,0.0,0.0,0.0454000234603881,0.0460000038146972,0.0518000125885009,0.0522000193595886,0.0473999977111816,0.08274535089731216,0.9869999885559082,0.20910480618476868,0.9423999786376953,8.75023365020752,0.07374999672174454,11.85036849975586,0.0681999996304512,0.0009206559043377638,1.0,0.15647529065608978,0.9613999724388123,43.681678771972656,0.06424999982118607,26.914188385009766,0.08799999952316284
135,0.0021932425443083,0.0022150136064738,0.0022626868449151,0.0023809622507542,0.0022836695425212,0.1738733947277069,0.1706068664789199,0.1892689913511276,0.1931762397289276,0.1809510439634323,0.0,0.0,0.0,0.0,0.0,0.0454000234603881,0.0461999773979187,0.05239999294281,0.0509999990463256,0.047599971294403,0.08158692717552185,0.9870499968528748,0.21325254440307617,0.9444000124931335,8.17404556274414,0.07540000230073929,10.40485668182373,0.06859999895095825,0.0009124792995862663,1.0,0.15656039118766785,0.9613999724388123,41.28411102294922,0.06780000030994415,43.86861801147461,0.08460000157356262
136,0.0021728549618273,0.0021931549999862,0.0022425921633839,0.0023562957067042,0.0022639681119471,0.174090027809143,0.1712533682584762,0.1884680837392807,0.1946660876274109,0.1814215630292892,0.0,0.0,0.0,0.0,0.0,0.0455999970436096,0.0464000105857849,0.0527999997138977,0.0500000119209289,0.0478000044822692,0.0804171934723854,0.9879500269889832,0.23195190727710724,0.9351999759674072,8.596006393432617,0.07680000364780426,6.701565742492676,0.07959999889135361,0.0009041616576723754,1.0,0.1565077304840088,0.9611999988555908,39.189292907714844,0.06844999641180038,40.31428909301758,0.07959999889135361
137,0.0021529442165046,0.0021705897524952,0.0022203049156814,0.0023337283637374,0.0022415588609874,0.1775479167699813,0.1712607145309448,0.1892538517713546,0.1949244141578674,0.1832610219717025,0.0,0.0,0.0,0.0,0.0,0.0451999902725219,0.0473999977111816,0.0518000125885009,0.0508000254631042,0.0483999848365783,0.08003037422895432,0.98785001039505,0.31101861596107483,0.9190000295639038,7.73967981338501,0.07460000365972519,7.951632976531982,0.03920000046491623,0.0008959854021668434,1.0,0.15758684277534485,0.9607999920845032,44.46372985839844,0.06355000287294388,39.45286178588867,0.08460000157356262
138,0.0021388423629105,0.0021493788808584,0.0021990041714161,0.0023121044505387,0.0022239563986659,0.1737830489873886,0.1710327118635177,0.1890053749084472,0.1941831856966018,0.1807225048542022,0.0,0.0,0.0,0.0,0.0,0.0450000166893005,0.0469999909400939,0.0515999794006347,0.0504000186920166,0.0472000241279602,0.08008614182472229,0.987500011920929,0.2473277598619461,0.9276000261306763,8.470770835876465,0.07320000231266022,9.098237037658691,0.06859999895095825,0.0008898922242224216,1.0,0.1561133712530136,0.9613999724388123,42.621639251708984,0.06509999930858612,45.40511703491211,0.08860000222921371
139,0.0021152852568775,0.0021312965545803,0.0021790715400129,0.0022888663224875,0.0022004912607371,0.1746110469102859,0.1709115505218505,0.1885257214307785,0.1944737732410431,0.1818373352289199,0.0,0.0,0.0,0.0,0.0,0.0454000234603881,0.0478000044822692,0.05239999294281,0.0501999855041503,0.047599971294403,0.07872246950864792,0.9880499839782715,0.23843832314014435,0.9359999895095825,7.703825950622559,0.07885000109672546,8.982237815856934,0.06859999895095825,0.0008818086353130639,1.0,0.1572275459766388,0.9611999988555908,43.62528610229492,0.06970000267028809,46.44115447998047,0.009399999864399433
140,0.0020936576183885,0.0021104586776345,0.0021601698826998,0.0022684212308377,0.0021786682773381,0.1761520355939865,0.170212909579277,0.1887156665325164,0.1939374208450317,0.1815600395202636,0.0,0.0,0.0,0.0,0.0,0.0460000038146972,0.0464000105857849,0.0511999726295471,0.050599992275238,0.047599971294403,0.07678035646677017,0.9884999990463257,0.23322324454784393,0.9383999705314636,7.708009243011475,0.07370000332593918,7.921707630157471,0.04919999837875366,0.0008732119458727539,1.0,0.1571793109178543,0.9606000185012817,42.713722229003906,0.06464999914169312,30.81128692626953,0.052400000393390656
141,0.0020770134869962,0.0020936094224452,0.0021390574984252,0.0022475372534245,0.0021594145800918,0.1742993146181106,0.1697437614202499,0.1890062391757965,0.193040519952774,0.1816157847642898,0.0,0.0,0.0,0.0,0.0,0.0455999970436096,0.0455999970436096,0.0518000125885009,0.0500000119209289,0.0482000112533569,0.07601616531610489,0.9883000254631042,0.20243483781814575,0.9455999732017517,7.97803258895874,0.07694999873638153,11.976582527160645,0.06780000030994415,0.0008659400045871735,1.0,0.15663352608680725,0.9616000056266785,46.416526794433594,0.06729999929666519,45.155216217041016,0.041600000113248825
142,0.0020540903788059,0.0020773215219378,0.0021195181179791,0.0022259894758462,0.0021391541231423,0.1734479218721389,0.1705695390701294,0.1884806901216507,0.1933876127004623,0.1826623827219009,0.0,0.0,0.0,0.0,0.0,0.0447999835014343,0.0461999773979187,0.0522000193595886,0.0509999990463256,0.0479999780654907,0.07421910762786865,0.9894000291824341,0.20312584936618805,0.946399986743927,7.917850017547607,0.07464999705553055,9.750494956970215,0.0681999996304512,0.0008581005968153477,1.0,0.1562996208667755,0.9610000252723694,41.35123062133789,0.06655000150203705,38.80754852294922,0.0681999996304512
143,0.0020363680087029,0.0020552715286612,0.0021001996938139,0.0022053781431168,0.0021214573644101,0.1740056425333023,0.1726385354995727,0.1899618953466415,0.1945507079362869,0.1815416514873504,0.0,0.0,0.0,0.0,0.0,0.0450000166893005,0.0461999773979187,0.0522000193595886,0.0518000125885009,0.047599971294403,0.07331643253564835,0.9896000027656555,0.20158159732818604,0.9452000260353088,8.561460494995117,0.07580000162124634,13.267139434814453,0.08799999952316284,0.0008518365793861449,1.0,0.15695084631443024,0.9617999792098999,41.59962844848633,0.06759999692440033,46.37775421142578,0.09359999746084213
144,0.0020151203498244,0.002040276536718,0.0020833776798099,0.0021869994234293,0.0021030388306826,0.1753455102443695,0.1703827679157257,0.1892004758119583,0.1930380165576934,0.1812442690134048,0.0,0.0,0.0,0.0,0.0,0.045799970626831,0.045799970626831,0.05239999294281,0.0504000186920166,0.0478000044822692,0.071910560131073,0.9900000095367432,0.21284575760364532,0.9423999786376953,8.8375883102417,0.08030000329017639,11.249679565429688,0.02239999920129776,0.000843646063003689,1.0,0.15774580836296082,0.9599999785423279,41.35757064819336,0.06830000132322311,49.54169845581055,0.052400000393390656
145,0.0020008969586342,0.0020181722939014,0.0020625102333724,0.0021671198774129,0.0020836596377193,0.1741713136434555,0.1701844036579132,0.1892178505659103,0.1939644068479538,0.1817798167467117,0.0,0.0,0.0,0.0,0.0,0.0450000166893005,0.0465999841690063,0.0511999726295471,0.0497999787330627,0.047599971294403,0.07172157615423203,0.9896500110626221,0.21142739057540894,0.9435999989509583,8.849286079406738,0.07559999823570251,8.64509105682373,0.08799999952316284,0.0008381366496905684,1.0,0.15647920966148376,0.9613999724388123,42.95045471191406,0.0637499988079071,40.96138000488281,0.052400000393390656
146,0.0019832723774015,0.0020000380463898,0.002043655142188,0.0021482969168573,0.0020650466904044,0.1741035133600235,0.1705541014671325,0.1879987567663192,0.1934957504272461,0.1816957145929336,0.0,0.0,0.0,0.0,0.0,0.0451999902725219,0.0465999841690063,0.0515999794006347,0.0501999855041503,0.0473999977111816,0.07037623226642609,0.9904500246047974,0.203607439994812,0.9440000057220459,7.300852298736572,0.07644999772310257,8.686319351196289,0.04919999837875366,0.0008304956718347967,1.0,0.156632661819458,0.9610000252723694,43.81734848022461,0.06620000302791595,45.443912506103516,0.06780000030994415
147,0.0019655784126371,0.001983564114198,0.0020261474419385,0.0021275898907333,0.0020466961432248,0.1740052103996276,0.1702801138162613,0.1885820180177688,0.1938439309597015,0.1815050840377807,0.0,0.0,0.0,0.0,0.0,0.0455999970436096,0.0464000105857849,0.0518000125885009,0.0504000186920166,0.0469999909400939,0.06966273486614227,0.9905499815940857,0.21860818564891815,0.9394000172615051,8.13459300994873,0.07750000059604645,8.647856712341309,0.06780000030994415,0.00082338263746351,1.0,0.15690015256404877,0.9616000056266785,38.1816520690918,0.06930000334978104,40.626468658447266,0.08860000222921371
148,0.0019454410066828,0.0019665763247758,0.0020083605777472,0.0021108782384544,0.0020288750529289,0.174504816532135,0.1703211665153503,0.1879554539918899,0.1941067725419998,0.1818352341651916,0.0,0.0,0.0,0.0,0.0,0.0461999773979187,0.0464000105857849,0.0514000058174133,0.0511999726295471,0.0473999977111816,0.06891941279172897,0.9902499914169312,0.20136961340904236,0.9441999793052673,7.6491851806640625,0.07930000126361847,6.339797496795654,0.03920000046491623,0.0008163413731381297,1.0,0.15664547681808472,0.9613999724388123,39.071380615234375,0.06624999642372131,36.55535125732422,0.08799999952316284
149,0.0019289759220555,0.0019479801412671,0.0019917429890483,0.0020931588951498,0.0020115862134844,0.1747927814722061,0.1706951111555099,0.1883549243211746,0.1931618303060531,0.1813307851552963,0.0,0.0,0.0,0.0,0.0,0.045799970626831,0.0460000038146972,0.0518000125885009,0.0496000051498413,0.0472000241279602,0.06786422431468964,0.9912499785423279,0.2007235288619995,0.9459999799728394,7.8503804206848145,0.08044999837875366,6.829455375671387,0.02239999920129776,0.0008101213607005775,1.0,0.15737299621105194,0.9606000185012817,42.56116485595703,0.0710500031709671,34.81036376953125,0.052400000393390656
